task_id,content_difficulty_level,content_difficulty_score,original_difficulty_level,domain,task_category,scene_id,motion_type,viewpoint_motion_target,content_difficulty_factors
emerg_001,hard,5.85,adversarial,extreme_emergency,fluid_dynamics_and_thermodynamics,emerg_flange_high_pressure_leak,static,0.0,"{""causal_safety_response"": 0.8, ""coupled_motion_or_contact"": 0.95, ""fluid_heat_or_pressure"": 1.15, ""motion_control"": 0.0, ""multi_step_required_events"": 0.25, ""precision_local_geometry"": 1.0, ""task_family"": 1.7}"
emerg_002,adversarial,6.85,adversarial,extreme_emergency,fluid_dynamics_and_thermodynamics,emerg_flange_high_pressure_leak,pan,horizontal_pan_lr,"{""causal_safety_response"": 0.8, ""coupled_motion_or_contact"": 0.95, ""fluid_heat_or_pressure"": 1.15, ""motion_control"": 1.0, ""multi_step_required_events"": 0.25, ""precision_local_geometry"": 1.0, ""task_family"": 1.7}"
emerg_003,hard,5.85,adversarial,extreme_emergency,fluid_dynamics_and_thermodynamics,emerg_flange_high_pressure_leak,static,0.0,"{""causal_safety_response"": 0.8, ""coupled_motion_or_contact"": 0.95, ""fluid_heat_or_pressure"": 1.15, ""motion_control"": 0.0, ""multi_step_required_events"": 0.25, ""precision_local_geometry"": 1.0, ""task_family"": 1.7}"
emerg_004,adversarial,6.85,adversarial,extreme_emergency,fluid_dynamics_and_thermodynamics,emerg_flange_high_pressure_leak,pan,horizontal_pan_lr,"{""causal_safety_response"": 0.8, ""coupled_motion_or_contact"": 0.95, ""fluid_heat_or_pressure"": 1.15, ""motion_control"": 1.0, ""multi_step_required_events"": 0.25, ""precision_local_geometry"": 1.0, ""task_family"": 1.7}"
emerg_011,medium,4.85,adversarial,extreme_emergency,fluid_dynamics_and_thermodynamics,emerg_storage_tank_flash_fire,static,0.0,"{""causal_safety_response"": 0.8, ""coupled_motion_or_contact"": 0.95, ""fluid_heat_or_pressure"": 1.15, ""motion_control"": 0.0, ""multi_step_required_events"": 0.25, ""task_family"": 1.7}"
emerg_012,hard,5.85,adversarial,extreme_emergency,fluid_dynamics_and_thermodynamics,emerg_storage_tank_flash_fire,pan,horizontal_pan_lr,"{""causal_safety_response"": 0.8, ""coupled_motion_or_contact"": 0.95, ""fluid_heat_or_pressure"": 1.15, ""motion_control"": 1.0, ""multi_step_required_events"": 0.25, ""task_family"": 1.7}"
emerg_021,adversarial,6.5,adversarial,extreme_emergency,topology_mutation_and_failure,emerg_transmission_tower_icing_collapse,dolly,1.5,"{""causal_safety_response"": 0.8, ""coupled_motion_or_contact"": 0.95, ""fluid_heat_or_pressure"": 1.15, ""motion_control"": 1.8, ""multi_step_required_events"": 0.25, ""task_family"": 1.55}"
emerg_022,adversarial,6.5,adversarial,extreme_emergency,topology_mutation_and_failure,emerg_transmission_tower_icing_collapse,dolly,1.5,"{""causal_safety_response"": 0.8, ""coupled_motion_or_contact"": 0.95, ""fluid_heat_or_pressure"": 1.15, ""motion_control"": 1.8, ""multi_step_required_events"": 0.25, ""task_family"": 1.55}"
emerg_023,adversarial,6.5,adversarial,extreme_emergency,topology_mutation_and_failure,emerg_transmission_tower_icing_collapse,dolly,1.5,"{""causal_safety_response"": 0.8, ""coupled_motion_or_contact"": 0.95, ""fluid_heat_or_pressure"": 1.15, ""motion_control"": 1.8, ""multi_step_required_events"": 0.25, ""task_family"": 1.55}"
emerg_025,adversarial,6.5,adversarial,extreme_emergency,topology_mutation_and_failure,emerg_transmission_tower_icing_collapse,dolly,1.5,"{""causal_safety_response"": 0.8, ""coupled_motion_or_contact"": 0.95, ""fluid_heat_or_pressure"": 1.15, ""motion_control"": 1.8, ""multi_step_required_events"": 0.25, ""task_family"": 1.55}"
emerg_028,adversarial,6.5,adversarial,extreme_emergency,topology_mutation_and_failure,emerg_transmission_tower_icing_collapse,dolly,1.5,"{""causal_safety_response"": 0.8, ""coupled_motion_or_contact"": 0.95, ""fluid_heat_or_pressure"": 1.15, ""motion_control"": 1.8, ""multi_step_required_events"": 0.25, ""task_family"": 1.55}"
emerg_029,adversarial,6.5,adversarial,extreme_emergency,topology_mutation_and_failure,emerg_transmission_tower_icing_collapse,dolly,1.5,"{""causal_safety_response"": 0.8, ""coupled_motion_or_contact"": 0.95, ""fluid_heat_or_pressure"": 1.15, ""motion_control"": 1.8, ""multi_step_required_events"": 0.25, ""task_family"": 1.55}"
emerg_032,medium,4.5,adversarial,extreme_emergency,industrial_logic_and_compliance,emerg_dust_explosion_confined_space,static,0.0,"{""causal_safety_response"": 0.8, ""coupled_motion_or_contact"": 0.95, ""fluid_heat_or_pressure"": 1.15, ""motion_control"": 0.0, ""multi_step_required_events"": 0.25, ""task_family"": 1.35}"
emerg_036,medium,4.5,adversarial,extreme_emergency,industrial_logic_and_compliance,emerg_dust_explosion_confined_space,static,0.0,"{""causal_safety_response"": 0.8, ""coupled_motion_or_contact"": 0.95, ""fluid_heat_or_pressure"": 1.15, ""motion_control"": 0.0, ""multi_step_required_events"": 0.25, ""task_family"": 1.35}"
emerg_041,medium,4.85,adversarial,extreme_emergency,fluid_dynamics_and_thermodynamics,emerg_reactor_runaway_pressure_release,static,0.0,"{""causal_safety_response"": 0.8, ""coupled_motion_or_contact"": 0.95, ""fluid_heat_or_pressure"": 1.15, ""motion_control"": 0.0, ""multi_step_required_events"": 0.25, ""task_family"": 1.7}"
emerg_046,hard,5.85,adversarial,extreme_emergency,fluid_dynamics_and_thermodynamics,emerg_reactor_runaway_pressure_release,pan,horizontal_pan_lr,"{""causal_safety_response"": 0.8, ""coupled_motion_or_contact"": 0.95, ""fluid_heat_or_pressure"": 1.15, ""motion_control"": 1.0, ""multi_step_required_events"": 0.25, ""task_family"": 1.7}"
emerg_051,medium,4.85,adversarial,extreme_emergency,fluid_dynamics_and_thermodynamics,emerg_battery_thermal_runaway,static,0.0,"{""causal_safety_response"": 0.8, ""coupled_motion_or_contact"": 0.95, ""fluid_heat_or_pressure"": 1.15, ""motion_control"": 0.0, ""multi_step_required_events"": 0.25, ""task_family"": 1.7}"
emerg_052,hard,5.85,adversarial,extreme_emergency,fluid_dynamics_and_thermodynamics,emerg_battery_thermal_runaway,pan,horizontal_pan_lr,"{""causal_safety_response"": 0.8, ""coupled_motion_or_contact"": 0.95, ""fluid_heat_or_pressure"": 1.15, ""motion_control"": 1.0, ""multi_step_required_events"": 0.25, ""task_family"": 1.7}"
emerg_053,medium,4.85,adversarial,extreme_emergency,fluid_dynamics_and_thermodynamics,emerg_battery_thermal_runaway,static,0.0,"{""causal_safety_response"": 0.8, ""coupled_motion_or_contact"": 0.95, ""fluid_heat_or_pressure"": 1.15, ""motion_control"": 0.0, ""multi_step_required_events"": 0.25, ""task_family"": 1.7}"
emerg_054,hard,5.85,adversarial,extreme_emergency,fluid_dynamics_and_thermodynamics,emerg_battery_thermal_runaway,pan,horizontal_pan_lr,"{""causal_safety_response"": 0.8, ""coupled_motion_or_contact"": 0.95, ""fluid_heat_or_pressure"": 1.15, ""motion_control"": 1.0, ""multi_step_required_events"": 0.25, ""task_family"": 1.7}"
emerg_055,medium,4.85,adversarial,extreme_emergency,fluid_dynamics_and_thermodynamics,emerg_battery_thermal_runaway,static,0.0,"{""causal_safety_response"": 0.8, ""coupled_motion_or_contact"": 0.95, ""fluid_heat_or_pressure"": 1.15, ""motion_control"": 0.0, ""multi_step_required_events"": 0.25, ""task_family"": 1.7}"
emerg_056,hard,5.85,adversarial,extreme_emergency,fluid_dynamics_and_thermodynamics,emerg_battery_thermal_runaway,pan,horizontal_pan_lr,"{""causal_safety_response"": 0.8, ""coupled_motion_or_contact"": 0.95, ""fluid_heat_or_pressure"": 1.15, ""motion_control"": 1.0, ""multi_step_required_events"": 0.25, ""task_family"": 1.7}"
emerg_057,medium,4.85,adversarial,extreme_emergency,fluid_dynamics_and_thermodynamics,emerg_battery_thermal_runaway,static,0.0,"{""causal_safety_response"": 0.8, ""coupled_motion_or_contact"": 0.95, ""fluid_heat_or_pressure"": 1.15, ""motion_control"": 0.0, ""multi_step_required_events"": 0.25, ""task_family"": 1.7}"
emerg_061,medium,4.85,adversarial,extreme_emergency,fluid_dynamics_and_thermodynamics,emerg_tunnel_fire_smoke_layering,static,0.0,"{""causal_safety_response"": 0.8, ""coupled_motion_or_contact"": 0.95, ""fluid_heat_or_pressure"": 1.15, ""motion_control"": 0.0, ""multi_step_required_events"": 0.25, ""task_family"": 1.7}"
emerg_063,medium,4.85,adversarial,extreme_emergency,fluid_dynamics_and_thermodynamics,emerg_tunnel_fire_smoke_layering,static,0.0,"{""causal_safety_response"": 0.8, ""coupled_motion_or_contact"": 0.95, ""fluid_heat_or_pressure"": 1.15, ""motion_control"": 0.0, ""multi_step_required_events"": 0.25, ""task_family"": 1.7}"
emerg_064,hard,5.85,adversarial,extreme_emergency,fluid_dynamics_and_thermodynamics,emerg_tunnel_fire_smoke_layering,pan,horizontal_pan_lr,"{""causal_safety_response"": 0.8, ""coupled_motion_or_contact"": 0.95, ""fluid_heat_or_pressure"": 1.15, ""motion_control"": 1.0, ""multi_step_required_events"": 0.25, ""task_family"": 1.7}"
emerg_065,medium,4.85,adversarial,extreme_emergency,fluid_dynamics_and_thermodynamics,emerg_tunnel_fire_smoke_layering,static,0.0,"{""causal_safety_response"": 0.8, ""coupled_motion_or_contact"": 0.95, ""fluid_heat_or_pressure"": 1.15, ""motion_control"": 0.0, ""multi_step_required_events"": 0.25, ""task_family"": 1.7}"
emerg_066,hard,5.85,adversarial,extreme_emergency,fluid_dynamics_and_thermodynamics,emerg_tunnel_fire_smoke_layering,pan,horizontal_pan_lr,"{""causal_safety_response"": 0.8, ""coupled_motion_or_contact"": 0.95, ""fluid_heat_or_pressure"": 1.15, ""motion_control"": 1.0, ""multi_step_required_events"": 0.25, ""task_family"": 1.7}"
emerg_078,hard,5.4,adversarial,extreme_emergency,industrial_logic_and_compliance,emerg_crane_load_drop_evacuation,static,0.0,"{""causal_safety_response"": 0.8, ""coupled_motion_or_contact"": 0.95, ""fluid_heat_or_pressure"": 1.15, ""motion_control"": 0.0, ""multi_entity_or_human_interaction"": 0.9, ""multi_step_required_events"": 0.25, ""task_family"": 1.35}"
emerg_085,medium,4.85,adversarial,extreme_emergency,fluid_dynamics_and_thermodynamics,emerg_cooling_tower_plume_failure,static,0.0,"{""causal_safety_response"": 0.8, ""coupled_motion_or_contact"": 0.95, ""fluid_heat_or_pressure"": 1.15, ""motion_control"": 0.0, ""multi_step_required_events"": 0.25, ""task_family"": 1.7}"
emerg_086,hard,5.85,adversarial,extreme_emergency,fluid_dynamics_and_thermodynamics,emerg_cooling_tower_plume_failure,pan,horizontal_pan_lr,"{""causal_safety_response"": 0.8, ""coupled_motion_or_contact"": 0.95, ""fluid_heat_or_pressure"": 1.15, ""motion_control"": 1.0, ""multi_step_required_events"": 0.25, ""task_family"": 1.7}"
emerg_091,adversarial,6.5,adversarial,extreme_emergency,topology_mutation_and_failure,emerg_dam_or_retaining_wall_breach,dolly,1.5,"{""causal_safety_response"": 0.8, ""coupled_motion_or_contact"": 0.95, ""fluid_heat_or_pressure"": 1.15, ""motion_control"": 1.8, ""multi_step_required_events"": 0.25, ""task_family"": 1.55}"
emerg_092,adversarial,6.5,adversarial,extreme_emergency,topology_mutation_and_failure,emerg_dam_or_retaining_wall_breach,dolly,1.5,"{""causal_safety_response"": 0.8, ""coupled_motion_or_contact"": 0.95, ""fluid_heat_or_pressure"": 1.15, ""motion_control"": 1.8, ""multi_step_required_events"": 0.25, ""task_family"": 1.55}"
emerg_093,adversarial,6.5,adversarial,extreme_emergency,topology_mutation_and_failure,emerg_dam_or_retaining_wall_breach,dolly,1.5,"{""causal_safety_response"": 0.8, ""coupled_motion_or_contact"": 0.95, ""fluid_heat_or_pressure"": 1.15, ""motion_control"": 1.8, ""multi_step_required_events"": 0.25, ""task_family"": 1.55}"
emerg_094,adversarial,6.5,adversarial,extreme_emergency,topology_mutation_and_failure,emerg_dam_or_retaining_wall_breach,dolly,1.5,"{""causal_safety_response"": 0.8, ""coupled_motion_or_contact"": 0.95, ""fluid_heat_or_pressure"": 1.15, ""motion_control"": 1.8, ""multi_step_required_events"": 0.25, ""task_family"": 1.55}"
emerg_126,medium,4.85,adversarial,extreme_emergency,fluid_dynamics_and_thermodynamics,emerg_cooling_tower_plume_failure,static,0.0,"{""causal_safety_response"": 0.8, ""coupled_motion_or_contact"": 0.95, ""fluid_heat_or_pressure"": 1.15, ""motion_control"": 0.0, ""multi_step_required_events"": 0.25, ""task_family"": 1.7}"
emerg_131,medium,4.85,adversarial,extreme_emergency,fluid_dynamics_and_thermodynamics,emerg_cooling_tower_plume_failure,static,0.0,"{""causal_safety_response"": 0.8, ""coupled_motion_or_contact"": 0.95, ""fluid_heat_or_pressure"": 1.15, ""motion_control"": 0.0, ""multi_step_required_events"": 0.25, ""task_family"": 1.7}"
emerg_132,medium,4.85,adversarial,extreme_emergency,fluid_dynamics_and_thermodynamics,emerg_cooling_tower_plume_failure,static,0.0,"{""causal_safety_response"": 0.8, ""coupled_motion_or_contact"": 0.95, ""fluid_heat_or_pressure"": 1.15, ""motion_control"": 0.0, ""multi_step_required_events"": 0.25, ""task_family"": 1.7}"
emerg_133,medium,4.85,adversarial,extreme_emergency,fluid_dynamics_and_thermodynamics,emerg_cooling_tower_plume_failure,static,0.0,"{""causal_safety_response"": 0.8, ""coupled_motion_or_contact"": 0.95, ""fluid_heat_or_pressure"": 1.15, ""motion_control"": 0.0, ""multi_step_required_events"": 0.25, ""task_family"": 1.7}"
emerg_138,hard,5.4,adversarial,extreme_emergency,industrial_logic_and_compliance,emerg_crane_load_drop_evacuation,static,0.0,"{""causal_safety_response"": 0.8, ""coupled_motion_or_contact"": 0.95, ""fluid_heat_or_pressure"": 1.15, ""motion_control"": 0.0, ""multi_entity_or_human_interaction"": 0.9, ""multi_step_required_events"": 0.25, ""task_family"": 1.35}"
emerg_139,hard,5.4,adversarial,extreme_emergency,industrial_logic_and_compliance,emerg_crane_load_drop_evacuation,static,0.0,"{""causal_safety_response"": 0.8, ""coupled_motion_or_contact"": 0.95, ""fluid_heat_or_pressure"": 1.15, ""motion_control"": 0.0, ""multi_entity_or_human_interaction"": 0.9, ""multi_step_required_events"": 0.25, ""task_family"": 1.35}"
emerg_141,hard,5.4,adversarial,extreme_emergency,industrial_logic_and_compliance,emerg_crane_load_drop_evacuation,static,0.0,"{""causal_safety_response"": 0.8, ""coupled_motion_or_contact"": 0.95, ""fluid_heat_or_pressure"": 1.15, ""motion_control"": 0.0, ""multi_entity_or_human_interaction"": 0.9, ""multi_step_required_events"": 0.25, ""task_family"": 1.35}"
emerg_143,hard,5.4,adversarial,extreme_emergency,industrial_logic_and_compliance,emerg_crane_load_drop_evacuation,static,0.0,"{""causal_safety_response"": 0.8, ""coupled_motion_or_contact"": 0.95, ""fluid_heat_or_pressure"": 1.15, ""motion_control"": 0.0, ""multi_entity_or_human_interaction"": 0.9, ""multi_step_required_events"": 0.25, ""task_family"": 1.35}"
emerg_149,medium,4.5,adversarial,extreme_emergency,industrial_logic_and_compliance,emerg_dust_explosion_confined_space,static,0.0,"{""causal_safety_response"": 0.8, ""coupled_motion_or_contact"": 0.95, ""fluid_heat_or_pressure"": 1.15, ""motion_control"": 0.0, ""multi_step_required_events"": 0.25, ""task_family"": 1.35}"
emerg_151,medium,4.5,adversarial,extreme_emergency,industrial_logic_and_compliance,emerg_dust_explosion_confined_space,static,0.0,"{""causal_safety_response"": 0.8, ""coupled_motion_or_contact"": 0.95, ""fluid_heat_or_pressure"": 1.15, ""motion_control"": 0.0, ""multi_step_required_events"": 0.25, ""task_family"": 1.35}"
emerg_153,medium,4.5,adversarial,extreme_emergency,industrial_logic_and_compliance,emerg_dust_explosion_confined_space,static,0.0,"{""causal_safety_response"": 0.8, ""coupled_motion_or_contact"": 0.95, ""fluid_heat_or_pressure"": 1.15, ""motion_control"": 0.0, ""multi_step_required_events"": 0.25, ""task_family"": 1.35}"
emerg_154,medium,4.5,adversarial,extreme_emergency,industrial_logic_and_compliance,emerg_dust_explosion_confined_space,static,0.0,"{""causal_safety_response"": 0.8, ""coupled_motion_or_contact"": 0.95, ""fluid_heat_or_pressure"": 1.15, ""motion_control"": 0.0, ""multi_step_required_events"": 0.25, ""task_family"": 1.35}"
emerg_158,hard,5.85,adversarial,extreme_emergency,fluid_dynamics_and_thermodynamics,emerg_flange_high_pressure_leak,static,0.0,"{""causal_safety_response"": 0.8, ""coupled_motion_or_contact"": 0.95, ""fluid_heat_or_pressure"": 1.15, ""motion_control"": 0.0, ""multi_step_required_events"": 0.25, ""precision_local_geometry"": 1.0, ""task_family"": 1.7}"
emerg_161,medium,4.85,adversarial,extreme_emergency,fluid_dynamics_and_thermodynamics,emerg_reactor_runaway_pressure_release,static,0.0,"{""causal_safety_response"": 0.8, ""coupled_motion_or_contact"": 0.95, ""fluid_heat_or_pressure"": 1.15, ""motion_control"": 0.0, ""multi_step_required_events"": 0.25, ""task_family"": 1.7}"
emerg_162,medium,4.85,adversarial,extreme_emergency,fluid_dynamics_and_thermodynamics,emerg_reactor_runaway_pressure_release,static,0.0,"{""causal_safety_response"": 0.8, ""coupled_motion_or_contact"": 0.95, ""fluid_heat_or_pressure"": 1.15, ""motion_control"": 0.0, ""multi_step_required_events"": 0.25, ""task_family"": 1.7}"
emerg_163,medium,4.85,adversarial,extreme_emergency,fluid_dynamics_and_thermodynamics,emerg_reactor_runaway_pressure_release,static,0.0,"{""causal_safety_response"": 0.8, ""coupled_motion_or_contact"": 0.95, ""fluid_heat_or_pressure"": 1.15, ""motion_control"": 0.0, ""multi_step_required_events"": 0.25, ""task_family"": 1.7}"
emerg_164,medium,4.85,adversarial,extreme_emergency,fluid_dynamics_and_thermodynamics,emerg_reactor_runaway_pressure_release,static,0.0,"{""causal_safety_response"": 0.8, ""coupled_motion_or_contact"": 0.95, ""fluid_heat_or_pressure"": 1.15, ""motion_control"": 0.0, ""multi_step_required_events"": 0.25, ""task_family"": 1.7}"
emerg_167,medium,4.85,adversarial,extreme_emergency,fluid_dynamics_and_thermodynamics,emerg_storage_tank_flash_fire,static,0.0,"{""causal_safety_response"": 0.8, ""coupled_motion_or_contact"": 0.95, ""fluid_heat_or_pressure"": 1.15, ""motion_control"": 0.0, ""multi_step_required_events"": 0.25, ""task_family"": 1.7}"
emerg_168,medium,4.85,adversarial,extreme_emergency,fluid_dynamics_and_thermodynamics,emerg_storage_tank_flash_fire,static,0.0,"{""causal_safety_response"": 0.8, ""coupled_motion_or_contact"": 0.95, ""fluid_heat_or_pressure"": 1.15, ""motion_control"": 0.0, ""multi_step_required_events"": 0.25, ""task_family"": 1.7}"
emerg_169,medium,4.85,adversarial,extreme_emergency,fluid_dynamics_and_thermodynamics,emerg_storage_tank_flash_fire,static,0.0,"{""causal_safety_response"": 0.8, ""coupled_motion_or_contact"": 0.95, ""fluid_heat_or_pressure"": 1.15, ""motion_control"": 0.0, ""multi_step_required_events"": 0.25, ""task_family"": 1.7}"
emerg_170,medium,4.85,adversarial,extreme_emergency,fluid_dynamics_and_thermodynamics,emerg_storage_tank_flash_fire,static,0.0,"{""causal_safety_response"": 0.8, ""coupled_motion_or_contact"": 0.95, ""fluid_heat_or_pressure"": 1.15, ""motion_control"": 0.0, ""multi_step_required_events"": 0.25, ""task_family"": 1.7}"
emerg_174,medium,4.85,adversarial,extreme_emergency,fluid_dynamics_and_thermodynamics,emerg_tunnel_fire_smoke_layering,static,0.0,"{""causal_safety_response"": 0.8, ""coupled_motion_or_contact"": 0.95, ""fluid_heat_or_pressure"": 1.15, ""motion_control"": 0.0, ""multi_step_required_events"": 0.25, ""task_family"": 1.7}"
emerg_178,medium,4.85,adversarial,extreme_emergency,fluid_dynamics_and_thermodynamics,emerg_reactor_runaway_pressure_release,static,0.0,"{""causal_safety_response"": 0.8, ""coupled_motion_or_contact"": 0.95, ""fluid_heat_or_pressure"": 1.15, ""motion_control"": 0.0, ""multi_step_required_events"": 0.25, ""task_family"": 1.7}"
emerg_179,medium,4.85,adversarial,extreme_emergency,fluid_dynamics_and_thermodynamics,emerg_reactor_runaway_pressure_release,static,0.0,"{""causal_safety_response"": 0.8, ""coupled_motion_or_contact"": 0.95, ""fluid_heat_or_pressure"": 1.15, ""motion_control"": 0.0, ""multi_step_required_events"": 0.25, ""task_family"": 1.7}"
emerg_183,medium,4.85,adversarial,extreme_emergency,fluid_dynamics_and_thermodynamics,emerg_reactor_runaway_pressure_release,static,0.0,"{""causal_safety_response"": 0.8, ""coupled_motion_or_contact"": 0.95, ""fluid_heat_or_pressure"": 1.15, ""motion_control"": 0.0, ""multi_step_required_events"": 0.25, ""task_family"": 1.7}"
emerg_195,medium,4.85,adversarial,extreme_emergency,fluid_dynamics_and_thermodynamics,emerg_cooling_tower_plume_failure,static,0.0,"{""causal_safety_response"": 0.8, ""coupled_motion_or_contact"": 0.95, ""fluid_heat_or_pressure"": 1.15, ""motion_control"": 0.0, ""multi_step_required_events"": 0.25, ""task_family"": 1.7}"
emerg_198,medium,4.85,adversarial,extreme_emergency,fluid_dynamics_and_thermodynamics,emerg_cooling_tower_plume_failure,static,0.0,"{""causal_safety_response"": 0.8, ""coupled_motion_or_contact"": 0.95, ""fluid_heat_or_pressure"": 1.15, ""motion_control"": 0.0, ""multi_step_required_events"": 0.25, ""task_family"": 1.7}"
emerg_212,medium,4.85,adversarial,extreme_emergency,fluid_dynamics_and_thermodynamics,emerg_storage_tank_flash_fire,static,0.0,"{""causal_safety_response"": 0.8, ""coupled_motion_or_contact"": 0.95, ""fluid_heat_or_pressure"": 1.15, ""motion_control"": 0.0, ""multi_step_required_events"": 0.25, ""task_family"": 1.7}"
emerg_218,medium,4.85,adversarial,extreme_emergency,fluid_dynamics_and_thermodynamics,emerg_storage_tank_flash_fire,static,0.0,"{""causal_safety_response"": 0.8, ""coupled_motion_or_contact"": 0.95, ""fluid_heat_or_pressure"": 1.15, ""motion_control"": 0.0, ""multi_step_required_events"": 0.25, ""task_family"": 1.7}"
emerg_219,hard,5.4,adversarial,extreme_emergency,industrial_logic_and_compliance,emerg_crane_load_drop_evacuation,static,0.0,"{""causal_safety_response"": 0.8, ""coupled_motion_or_contact"": 0.95, ""fluid_heat_or_pressure"": 1.15, ""motion_control"": 0.0, ""multi_entity_or_human_interaction"": 0.9, ""multi_step_required_events"": 0.25, ""task_family"": 1.35}"
emerg_220,hard,5.4,adversarial,extreme_emergency,industrial_logic_and_compliance,emerg_crane_load_drop_evacuation,static,0.0,"{""causal_safety_response"": 0.8, ""coupled_motion_or_contact"": 0.95, ""fluid_heat_or_pressure"": 1.15, ""motion_control"": 0.0, ""multi_entity_or_human_interaction"": 0.9, ""multi_step_required_events"": 0.25, ""task_family"": 1.35}"
emerg_221,hard,5.4,adversarial,extreme_emergency,industrial_logic_and_compliance,emerg_crane_load_drop_evacuation,static,0.0,"{""causal_safety_response"": 0.8, ""coupled_motion_or_contact"": 0.95, ""fluid_heat_or_pressure"": 1.15, ""motion_control"": 0.0, ""multi_entity_or_human_interaction"": 0.9, ""multi_step_required_events"": 0.25, ""task_family"": 1.35}"
emerg_225,hard,5.4,adversarial,extreme_emergency,industrial_logic_and_compliance,emerg_crane_load_drop_evacuation,static,0.0,"{""causal_safety_response"": 0.8, ""coupled_motion_or_contact"": 0.95, ""fluid_heat_or_pressure"": 1.15, ""motion_control"": 0.0, ""multi_entity_or_human_interaction"": 0.9, ""multi_step_required_events"": 0.25, ""task_family"": 1.35}"
emerg_228,adversarial,6.5,adversarial,extreme_emergency,topology_mutation_and_failure,emerg_transmission_tower_icing_collapse,dolly,1.5,"{""causal_safety_response"": 0.8, ""coupled_motion_or_contact"": 0.95, ""fluid_heat_or_pressure"": 1.15, ""motion_control"": 1.8, ""multi_step_required_events"": 0.25, ""task_family"": 1.55}"
emerg_231,adversarial,6.5,adversarial,extreme_emergency,topology_mutation_and_failure,emerg_dam_or_retaining_wall_breach,dolly,1.5,"{""causal_safety_response"": 0.8, ""coupled_motion_or_contact"": 0.95, ""fluid_heat_or_pressure"": 1.15, ""motion_control"": 1.8, ""multi_step_required_events"": 0.25, ""task_family"": 1.55}"
emerg_232,adversarial,6.5,adversarial,extreme_emergency,topology_mutation_and_failure,emerg_dam_or_retaining_wall_breach,dolly,1.5,"{""causal_safety_response"": 0.8, ""coupled_motion_or_contact"": 0.95, ""fluid_heat_or_pressure"": 1.15, ""motion_control"": 1.8, ""multi_step_required_events"": 0.25, ""task_family"": 1.55}"
emerg_234,adversarial,6.5,adversarial,extreme_emergency,topology_mutation_and_failure,emerg_dam_or_retaining_wall_breach,dolly,1.5,"{""causal_safety_response"": 0.8, ""coupled_motion_or_contact"": 0.95, ""fluid_heat_or_pressure"": 1.15, ""motion_control"": 1.8, ""multi_step_required_events"": 0.25, ""task_family"": 1.55}"
emerg_236,adversarial,6.5,adversarial,extreme_emergency,topology_mutation_and_failure,emerg_dam_or_retaining_wall_breach,dolly,1.5,"{""causal_safety_response"": 0.8, ""coupled_motion_or_contact"": 0.95, ""fluid_heat_or_pressure"": 1.15, ""motion_control"": 1.8, ""multi_step_required_events"": 0.25, ""task_family"": 1.55}"
emerg_241,medium,4.85,adversarial,extreme_emergency,fluid_dynamics_and_thermodynamics,emerg_tunnel_fire_smoke_layering,static,0.0,"{""causal_safety_response"": 0.8, ""coupled_motion_or_contact"": 0.95, ""fluid_heat_or_pressure"": 1.15, ""motion_control"": 0.0, ""multi_step_required_events"": 0.25, ""task_family"": 1.7}"
emerg_242,medium,4.85,adversarial,extreme_emergency,fluid_dynamics_and_thermodynamics,emerg_tunnel_fire_smoke_layering,static,0.0,"{""causal_safety_response"": 0.8, ""coupled_motion_or_contact"": 0.95, ""fluid_heat_or_pressure"": 1.15, ""motion_control"": 0.0, ""multi_step_required_events"": 0.25, ""task_family"": 1.7}"
emerg_257,medium,4.5,adversarial,extreme_emergency,industrial_logic_and_compliance,emerg_dust_explosion_confined_space,static,0.0,"{""causal_safety_response"": 0.8, ""coupled_motion_or_contact"": 0.95, ""fluid_heat_or_pressure"": 1.15, ""motion_control"": 0.0, ""multi_step_required_events"": 0.25, ""task_family"": 1.35}"
emerg_261,medium,4.5,adversarial,extreme_emergency,industrial_logic_and_compliance,emerg_dust_explosion_confined_space,static,0.0,"{""causal_safety_response"": 0.8, ""coupled_motion_or_contact"": 0.95, ""fluid_heat_or_pressure"": 1.15, ""motion_control"": 0.0, ""multi_step_required_events"": 0.25, ""task_family"": 1.35}"
emerg_270,medium,4.5,adversarial,extreme_emergency,industrial_logic_and_compliance,emerg_hot_work_spark_combustible_fire,static,0.0,"{""causal_safety_response"": 0.8, ""coupled_motion_or_contact"": 0.95, ""fluid_heat_or_pressure"": 1.15, ""motion_control"": 0.0, ""multi_step_required_events"": 0.25, ""task_family"": 1.35}"
emerg_280,hard,5.05,adversarial,extreme_emergency,spatial_exploration_and_viewpoint,emerg_smoke_evacuation_route_visibility,pan,horizontal_pan_lr,"{""causal_safety_response"": 0.8, ""coupled_motion_or_contact"": 0.95, ""fluid_heat_or_pressure"": 1.15, ""motion_control"": 1.0, ""multi_step_required_events"": 0.25, ""task_family"": 0.9}"
emerg_294,hard,5.05,adversarial,extreme_emergency,spatial_exploration_and_viewpoint,emerg_smoke_evacuation_route_visibility,pan,horizontal_pan_lr,"{""causal_safety_response"": 0.8, ""coupled_motion_or_contact"": 0.95, ""fluid_heat_or_pressure"": 1.15, ""motion_control"": 1.0, ""multi_step_required_events"": 0.25, ""task_family"": 0.9}"
emerg_298,hard,5.05,adversarial,extreme_emergency,spatial_exploration_and_viewpoint,emerg_smoke_evacuation_route_visibility,pan,horizontal_pan_lr,"{""causal_safety_response"": 0.8, ""coupled_motion_or_contact"": 0.95, ""fluid_heat_or_pressure"": 1.15, ""motion_control"": 1.0, ""multi_step_required_events"": 0.25, ""task_family"": 0.9}"
emerg_299,medium,4.5,adversarial,extreme_emergency,industrial_logic_and_compliance,emerg_hot_work_spark_combustible_fire,static,0.0,"{""causal_safety_response"": 0.8, ""coupled_motion_or_contact"": 0.95, ""fluid_heat_or_pressure"": 1.15, ""motion_control"": 0.0, ""multi_step_required_events"": 0.25, ""task_family"": 1.35}"
emerg_300,medium,4.5,adversarial,extreme_emergency,industrial_logic_and_compliance,emerg_hot_work_spark_combustible_fire,static,0.0,"{""causal_safety_response"": 0.8, ""coupled_motion_or_contact"": 0.95, ""fluid_heat_or_pressure"": 1.15, ""motion_control"": 0.0, ""multi_step_required_events"": 0.25, ""task_family"": 1.35}"
emerg_301,medium,4.5,adversarial,extreme_emergency,industrial_logic_and_compliance,emerg_hot_work_spark_combustible_fire,static,0.0,"{""causal_safety_response"": 0.8, ""coupled_motion_or_contact"": 0.95, ""fluid_heat_or_pressure"": 1.15, ""motion_control"": 0.0, ""multi_step_required_events"": 0.25, ""task_family"": 1.35}"
emerg_302,adversarial,6.5,adversarial,extreme_emergency,topology_mutation_and_failure,emerg_transmission_tower_icing_collapse,dolly,1.5,"{""causal_safety_response"": 0.8, ""coupled_motion_or_contact"": 0.95, ""fluid_heat_or_pressure"": 1.15, ""motion_control"": 1.8, ""multi_step_required_events"": 0.25, ""task_family"": 1.55}"
emerg_304,medium,4.5,adversarial,extreme_emergency,industrial_logic_and_compliance,emerg_hot_work_spark_combustible_fire,static,0.0,"{""causal_safety_response"": 0.8, ""coupled_motion_or_contact"": 0.95, ""fluid_heat_or_pressure"": 1.15, ""motion_control"": 0.0, ""multi_step_required_events"": 0.25, ""task_family"": 1.35}"
emerg_305,medium,4.5,adversarial,extreme_emergency,industrial_logic_and_compliance,emerg_hot_work_spark_combustible_fire,static,0.0,"{""causal_safety_response"": 0.8, ""coupled_motion_or_contact"": 0.95, ""fluid_heat_or_pressure"": 1.15, ""motion_control"": 0.0, ""multi_step_required_events"": 0.25, ""task_family"": 1.35}"
emerg_306,medium,4.5,adversarial,extreme_emergency,industrial_logic_and_compliance,emerg_hot_work_spark_combustible_fire,static,0.0,"{""causal_safety_response"": 0.8, ""coupled_motion_or_contact"": 0.95, ""fluid_heat_or_pressure"": 1.15, ""motion_control"": 0.0, ""multi_step_required_events"": 0.25, ""task_family"": 1.35}"
emerg_307,medium,4.5,adversarial,extreme_emergency,industrial_logic_and_compliance,emerg_hot_work_spark_combustible_fire,static,0.0,"{""causal_safety_response"": 0.8, ""coupled_motion_or_contact"": 0.95, ""fluid_heat_or_pressure"": 1.15, ""motion_control"": 0.0, ""multi_step_required_events"": 0.25, ""task_family"": 1.35}"
emerg_308,medium,4.85,adversarial,extreme_emergency,fluid_dynamics_and_thermodynamics,emerg_battery_thermal_runaway,static,0.0,"{""causal_safety_response"": 0.8, ""coupled_motion_or_contact"": 0.95, ""fluid_heat_or_pressure"": 1.15, ""motion_control"": 0.0, ""multi_step_required_events"": 0.25, ""task_family"": 1.7}"
emerg_310,hard,5.85,adversarial,extreme_emergency,fluid_dynamics_and_thermodynamics,emerg_flange_high_pressure_leak,static,0.0,"{""causal_safety_response"": 0.8, ""coupled_motion_or_contact"": 0.95, ""fluid_heat_or_pressure"": 1.15, ""motion_control"": 0.0, ""multi_step_required_events"": 0.25, ""precision_local_geometry"": 1.0, ""task_family"": 1.7}"
emerg_314,hard,5.85,adversarial,extreme_emergency,fluid_dynamics_and_thermodynamics,emerg_flange_high_pressure_leak,static,0.0,"{""causal_safety_response"": 0.8, ""coupled_motion_or_contact"": 0.95, ""fluid_heat_or_pressure"": 1.15, ""motion_control"": 0.0, ""multi_step_required_events"": 0.25, ""precision_local_geometry"": 1.0, ""task_family"": 1.7}"
emerg_315,hard,5.85,adversarial,extreme_emergency,fluid_dynamics_and_thermodynamics,emerg_flange_high_pressure_leak,static,0.0,"{""causal_safety_response"": 0.8, ""coupled_motion_or_contact"": 0.95, ""fluid_heat_or_pressure"": 1.15, ""motion_control"": 0.0, ""multi_step_required_events"": 0.25, ""precision_local_geometry"": 1.0, ""task_family"": 1.7}"
emerg_316,hard,5.85,adversarial,extreme_emergency,fluid_dynamics_and_thermodynamics,emerg_flange_high_pressure_leak,static,0.0,"{""causal_safety_response"": 0.8, ""coupled_motion_or_contact"": 0.95, ""fluid_heat_or_pressure"": 1.15, ""motion_control"": 0.0, ""multi_step_required_events"": 0.25, ""precision_local_geometry"": 1.0, ""task_family"": 1.7}"
emerg_323,medium,4.5,adversarial,extreme_emergency,industrial_logic_and_compliance,emerg_hot_work_spark_combustible_fire,static,0.0,"{""causal_safety_response"": 0.8, ""coupled_motion_or_contact"": 0.95, ""fluid_heat_or_pressure"": 1.15, ""motion_control"": 0.0, ""multi_step_required_events"": 0.25, ""task_family"": 1.35}"
emerg_324,hard,5.05,adversarial,extreme_emergency,spatial_exploration_and_viewpoint,emerg_smoke_evacuation_route_visibility,pan,horizontal_pan_lr,"{""causal_safety_response"": 0.8, ""coupled_motion_or_contact"": 0.95, ""fluid_heat_or_pressure"": 1.15, ""motion_control"": 1.0, ""multi_step_required_events"": 0.25, ""task_family"": 0.9}"
emerg_327,hard,5.05,adversarial,extreme_emergency,spatial_exploration_and_viewpoint,emerg_smoke_evacuation_route_visibility,pan,horizontal_pan_lr,"{""causal_safety_response"": 0.8, ""coupled_motion_or_contact"": 0.95, ""fluid_heat_or_pressure"": 1.15, ""motion_control"": 1.0, ""multi_step_required_events"": 0.25, ""task_family"": 0.9}"
emerg_328,hard,5.05,adversarial,extreme_emergency,spatial_exploration_and_viewpoint,emerg_smoke_evacuation_route_visibility,pan,horizontal_pan_lr,"{""causal_safety_response"": 0.8, ""coupled_motion_or_contact"": 0.95, ""fluid_heat_or_pressure"": 1.15, ""motion_control"": 1.0, ""multi_step_required_events"": 0.25, ""task_family"": 0.9}"
emerg_329,hard,5.05,adversarial,extreme_emergency,spatial_exploration_and_viewpoint,emerg_smoke_evacuation_route_visibility,pan,horizontal_pan_lr,"{""causal_safety_response"": 0.8, ""coupled_motion_or_contact"": 0.95, ""fluid_heat_or_pressure"": 1.15, ""motion_control"": 1.0, ""multi_step_required_events"": 0.25, ""task_family"": 0.9}"
emerg_333,hard,5.05,adversarial,extreme_emergency,spatial_exploration_and_viewpoint,emerg_smoke_evacuation_route_visibility,pan,horizontal_pan_lr,"{""causal_safety_response"": 0.8, ""coupled_motion_or_contact"": 0.95, ""fluid_heat_or_pressure"": 1.15, ""motion_control"": 1.0, ""multi_step_required_events"": 0.25, ""task_family"": 0.9}"
erob_001,adversarial,6.45,hard,embodied_robotics,rigid_body_kinematics_and_coupling,erob_robot_arm_precision_grasp,orbit,45.0,"{""coupled_motion_or_contact"": 0.95, ""motion_control"": 1.9, ""multi_entity_or_human_interaction"": 0.9, ""multi_step_required_events"": 0.25, ""precision_local_geometry"": 1.0, ""task_family"": 1.45}"
erob_002,hard,5.55,hard,embodied_robotics,rigid_body_kinematics_and_coupling,erob_robot_arm_precision_grasp,pan,horizontal_pan_lr,"{""coupled_motion_or_contact"": 0.95, ""motion_control"": 1.0, ""multi_entity_or_human_interaction"": 0.9, ""multi_step_required_events"": 0.25, ""precision_local_geometry"": 1.0, ""task_family"": 1.45}"
erob_004,hard,5.55,hard,embodied_robotics,rigid_body_kinematics_and_coupling,erob_robot_arm_precision_grasp,pan,horizontal_pan_lr,"{""coupled_motion_or_contact"": 0.95, ""motion_control"": 1.0, ""multi_entity_or_human_interaction"": 0.9, ""multi_step_required_events"": 0.25, ""precision_local_geometry"": 1.0, ""task_family"": 1.45}"
erob_007,adversarial,6.45,hard,embodied_robotics,rigid_body_kinematics_and_coupling,erob_robot_arm_precision_grasp,orbit,45.0,"{""coupled_motion_or_contact"": 0.95, ""motion_control"": 1.9, ""multi_entity_or_human_interaction"": 0.9, ""multi_step_required_events"": 0.25, ""precision_local_geometry"": 1.0, ""task_family"": 1.45}"
erob_014,easy,3.45,adversarial,embodied_robotics,industrial_logic_and_compliance,erob_cobot_human_handover,static,0.0,"{""coupled_motion_or_contact"": 0.95, ""motion_control"": 0.0, ""multi_entity_or_human_interaction"": 0.9, ""multi_step_required_events"": 0.25, ""task_family"": 1.35}"
erob_015,easy,3.45,adversarial,embodied_robotics,industrial_logic_and_compliance,erob_cobot_human_handover,static,0.0,"{""coupled_motion_or_contact"": 0.95, ""motion_control"": 0.0, ""multi_entity_or_human_interaction"": 0.9, ""multi_step_required_events"": 0.25, ""task_family"": 1.35}"
erob_016,easy,3.45,adversarial,embodied_robotics,industrial_logic_and_compliance,erob_cobot_human_handover,static,0.0,"{""coupled_motion_or_contact"": 0.95, ""motion_control"": 0.0, ""multi_entity_or_human_interaction"": 0.9, ""multi_step_required_events"": 0.25, ""task_family"": 1.35}"
erob_021,easy,4.0,adversarial,embodied_robotics,spatial_exploration_and_viewpoint,erob_tracked_robot_rubble,pan,horizontal_pan_lr,"{""coupled_motion_or_contact"": 0.95, ""motion_control"": 1.0, ""multi_entity_or_human_interaction"": 0.9, ""multi_step_required_events"": 0.25, ""task_family"": 0.9}"
erob_022,hard,4.9,adversarial,embodied_robotics,spatial_exploration_and_viewpoint,erob_tracked_robot_rubble,orbit,45.0,"{""coupled_motion_or_contact"": 0.95, ""motion_control"": 1.9, ""multi_entity_or_human_interaction"": 0.9, ""multi_step_required_events"": 0.25, ""task_family"": 0.9}"
erob_024,easy,4.0,adversarial,embodied_robotics,spatial_exploration_and_viewpoint,erob_tracked_robot_rubble,pan,horizontal_pan_lr,"{""coupled_motion_or_contact"": 0.95, ""motion_control"": 1.0, ""multi_entity_or_human_interaction"": 0.9, ""multi_step_required_events"": 0.25, ""task_family"": 0.9}"
erob_025,hard,4.9,adversarial,embodied_robotics,spatial_exploration_and_viewpoint,erob_tracked_robot_rubble,orbit,45.0,"{""coupled_motion_or_contact"": 0.95, ""motion_control"": 1.9, ""multi_entity_or_human_interaction"": 0.9, ""multi_step_required_events"": 0.25, ""task_family"": 0.9}"
erob_026,medium,4.8,adversarial,embodied_robotics,spatial_exploration_and_viewpoint,erob_tracked_robot_rubble,dolly,1.5,"{""coupled_motion_or_contact"": 0.95, ""motion_control"": 1.8, ""multi_entity_or_human_interaction"": 0.9, ""multi_step_required_events"": 0.25, ""task_family"": 0.9}"
erob_027,easy,4.0,adversarial,embodied_robotics,spatial_exploration_and_viewpoint,erob_tracked_robot_rubble,pan,horizontal_pan_lr,"{""coupled_motion_or_contact"": 0.95, ""motion_control"": 1.0, ""multi_entity_or_human_interaction"": 0.9, ""multi_step_required_events"": 0.25, ""task_family"": 0.9}"
erob_028,hard,4.9,adversarial,embodied_robotics,spatial_exploration_and_viewpoint,erob_tracked_robot_rubble,orbit,45.0,"{""coupled_motion_or_contact"": 0.95, ""motion_control"": 1.9, ""multi_entity_or_human_interaction"": 0.9, ""multi_step_required_events"": 0.25, ""task_family"": 0.9}"
erob_031,easy,4.0,adversarial,embodied_robotics,spatial_exploration_and_viewpoint,erob_quadruped_stairs_rubble_fpv,pan,horizontal_pan_lr,"{""coupled_motion_or_contact"": 0.95, ""motion_control"": 1.0, ""multi_entity_or_human_interaction"": 0.9, ""multi_step_required_events"": 0.25, ""task_family"": 0.9}"
erob_032,hard,4.9,adversarial,embodied_robotics,spatial_exploration_and_viewpoint,erob_quadruped_stairs_rubble_fpv,orbit,45.0,"{""coupled_motion_or_contact"": 0.95, ""motion_control"": 1.9, ""multi_entity_or_human_interaction"": 0.9, ""multi_step_required_events"": 0.25, ""task_family"": 0.9}"
erob_033,medium,4.8,adversarial,embodied_robotics,spatial_exploration_and_viewpoint,erob_quadruped_stairs_rubble_fpv,dolly,1.5,"{""coupled_motion_or_contact"": 0.95, ""motion_control"": 1.8, ""multi_entity_or_human_interaction"": 0.9, ""multi_step_required_events"": 0.25, ""task_family"": 0.9}"
erob_034,easy,4.0,adversarial,embodied_robotics,spatial_exploration_and_viewpoint,erob_quadruped_stairs_rubble_fpv,pan,horizontal_pan_lr,"{""coupled_motion_or_contact"": 0.95, ""motion_control"": 1.0, ""multi_entity_or_human_interaction"": 0.9, ""multi_step_required_events"": 0.25, ""task_family"": 0.9}"
erob_035,hard,4.9,adversarial,embodied_robotics,spatial_exploration_and_viewpoint,erob_quadruped_stairs_rubble_fpv,orbit,45.0,"{""coupled_motion_or_contact"": 0.95, ""motion_control"": 1.9, ""multi_entity_or_human_interaction"": 0.9, ""multi_step_required_events"": 0.25, ""task_family"": 0.9}"
erob_037,easy,4.0,adversarial,embodied_robotics,spatial_exploration_and_viewpoint,erob_quadruped_stairs_rubble_fpv,pan,horizontal_pan_lr,"{""coupled_motion_or_contact"": 0.95, ""motion_control"": 1.0, ""multi_entity_or_human_interaction"": 0.9, ""multi_step_required_events"": 0.25, ""task_family"": 0.9}"
erob_041,hard,5.45,hard,embodied_robotics,rigid_body_kinematics_and_coupling,erob_amr_warehouse_navigation,orbit,45.0,"{""coupled_motion_or_contact"": 0.95, ""motion_control"": 1.9, ""multi_entity_or_human_interaction"": 0.9, ""multi_step_required_events"": 0.25, ""task_family"": 1.45}"
erob_043,hard,5.45,hard,embodied_robotics,rigid_body_kinematics_and_coupling,erob_amr_warehouse_navigation,orbit,45.0,"{""coupled_motion_or_contact"": 0.95, ""motion_control"": 1.9, ""multi_entity_or_human_interaction"": 0.9, ""multi_step_required_events"": 0.25, ""task_family"": 1.45}"
erob_044,medium,4.55,hard,embodied_robotics,rigid_body_kinematics_and_coupling,erob_amr_warehouse_navigation,pan,horizontal_pan_lr,"{""coupled_motion_or_contact"": 0.95, ""motion_control"": 1.0, ""multi_entity_or_human_interaction"": 0.9, ""multi_step_required_events"": 0.25, ""task_family"": 1.45}"
erob_045,hard,5.45,hard,embodied_robotics,rigid_body_kinematics_and_coupling,erob_amr_warehouse_navigation,orbit,45.0,"{""coupled_motion_or_contact"": 0.95, ""motion_control"": 1.9, ""multi_entity_or_human_interaction"": 0.9, ""multi_step_required_events"": 0.25, ""task_family"": 1.45}"
erob_046,medium,4.55,hard,embodied_robotics,rigid_body_kinematics_and_coupling,erob_amr_warehouse_navigation,pan,horizontal_pan_lr,"{""coupled_motion_or_contact"": 0.95, ""motion_control"": 1.0, ""multi_entity_or_human_interaction"": 0.9, ""multi_step_required_events"": 0.25, ""task_family"": 1.45}"
erob_051,easy,3.45,adversarial,embodied_robotics,industrial_logic_and_compliance,erob_light_curtain_emergency_stop,static,0.0,"{""coupled_motion_or_contact"": 0.95, ""motion_control"": 0.0, ""multi_entity_or_human_interaction"": 0.9, ""multi_step_required_events"": 0.25, ""task_family"": 1.35}"
erob_052,easy,3.45,adversarial,embodied_robotics,industrial_logic_and_compliance,erob_light_curtain_emergency_stop,static,0.0,"{""coupled_motion_or_contact"": 0.95, ""motion_control"": 0.0, ""multi_entity_or_human_interaction"": 0.9, ""multi_step_required_events"": 0.25, ""task_family"": 1.35}"
erob_053,easy,3.45,adversarial,embodied_robotics,industrial_logic_and_compliance,erob_light_curtain_emergency_stop,static,0.0,"{""coupled_motion_or_contact"": 0.95, ""motion_control"": 0.0, ""multi_entity_or_human_interaction"": 0.9, ""multi_step_required_events"": 0.25, ""task_family"": 1.35}"
erob_054,easy,3.45,adversarial,embodied_robotics,industrial_logic_and_compliance,erob_light_curtain_emergency_stop,static,0.0,"{""coupled_motion_or_contact"": 0.95, ""motion_control"": 0.0, ""multi_entity_or_human_interaction"": 0.9, ""multi_step_required_events"": 0.25, ""task_family"": 1.35}"
erob_055,easy,3.45,adversarial,embodied_robotics,industrial_logic_and_compliance,erob_light_curtain_emergency_stop,static,0.0,"{""coupled_motion_or_contact"": 0.95, ""motion_control"": 0.0, ""multi_entity_or_human_interaction"": 0.9, ""multi_step_required_events"": 0.25, ""task_family"": 1.35}"
erob_056,easy,3.45,adversarial,embodied_robotics,industrial_logic_and_compliance,erob_light_curtain_emergency_stop,static,0.0,"{""coupled_motion_or_contact"": 0.95, ""motion_control"": 0.0, ""multi_entity_or_human_interaction"": 0.9, ""multi_step_required_events"": 0.25, ""task_family"": 1.35}"
erob_062,medium,4.55,hard,embodied_robotics,rigid_body_kinematics_and_coupling,erob_robot_tool_contact_force,pan,horizontal_pan_lr,"{""coupled_motion_or_contact"": 0.95, ""motion_control"": 1.0, ""multi_entity_or_human_interaction"": 0.9, ""multi_step_required_events"": 0.25, ""task_family"": 1.45}"
erob_063,hard,5.45,hard,embodied_robotics,rigid_body_kinematics_and_coupling,erob_robot_tool_contact_force,orbit,45.0,"{""coupled_motion_or_contact"": 0.95, ""motion_control"": 1.9, ""multi_entity_or_human_interaction"": 0.9, ""multi_step_required_events"": 0.25, ""task_family"": 1.45}"
erob_064,medium,4.55,hard,embodied_robotics,rigid_body_kinematics_and_coupling,erob_robot_tool_contact_force,pan,horizontal_pan_lr,"{""coupled_motion_or_contact"": 0.95, ""motion_control"": 1.0, ""multi_entity_or_human_interaction"": 0.9, ""multi_step_required_events"": 0.25, ""task_family"": 1.45}"
erob_066,medium,4.55,hard,embodied_robotics,rigid_body_kinematics_and_coupling,erob_robot_tool_contact_force,pan,horizontal_pan_lr,"{""coupled_motion_or_contact"": 0.95, ""motion_control"": 1.0, ""multi_entity_or_human_interaction"": 0.9, ""multi_step_required_events"": 0.25, ""task_family"": 1.45}"
erob_072,easy,3.65,hard,embodied_robotics,rigid_body_kinematics_and_coupling,erob_multi_robot_coordination,pan,horizontal_pan_lr,"{""coupled_motion_or_contact"": 0.95, ""motion_control"": 1.0, ""multi_step_required_events"": 0.25, ""task_family"": 1.45}"
erob_073,medium,4.55,hard,embodied_robotics,rigid_body_kinematics_and_coupling,erob_multi_robot_coordination,orbit,45.0,"{""coupled_motion_or_contact"": 0.95, ""motion_control"": 1.9, ""multi_step_required_events"": 0.25, ""task_family"": 1.45}"
erob_074,easy,3.65,hard,embodied_robotics,rigid_body_kinematics_and_coupling,erob_multi_robot_coordination,pan,horizontal_pan_lr,"{""coupled_motion_or_contact"": 0.95, ""motion_control"": 1.0, ""multi_step_required_events"": 0.25, ""task_family"": 1.45}"
erob_075,medium,4.55,hard,embodied_robotics,rigid_body_kinematics_and_coupling,erob_multi_robot_coordination,orbit,45.0,"{""coupled_motion_or_contact"": 0.95, ""motion_control"": 1.9, ""multi_step_required_events"": 0.25, ""task_family"": 1.45}"
erob_076,easy,3.65,hard,embodied_robotics,rigid_body_kinematics_and_coupling,erob_multi_robot_coordination,pan,horizontal_pan_lr,"{""coupled_motion_or_contact"": 0.95, ""motion_control"": 1.0, ""multi_step_required_events"": 0.25, ""task_family"": 1.45}"
erob_077,medium,4.55,hard,embodied_robotics,rigid_body_kinematics_and_coupling,erob_multi_robot_coordination,orbit,45.0,"{""coupled_motion_or_contact"": 0.95, ""motion_control"": 1.9, ""multi_step_required_events"": 0.25, ""task_family"": 1.45}"
erob_082,hard,5.45,adversarial,embodied_robotics,topology_mutation_and_failure,erob_gripper_failure_recovery,dolly,1.5,"{""coupled_motion_or_contact"": 0.95, ""motion_control"": 1.8, ""multi_entity_or_human_interaction"": 0.9, ""multi_step_required_events"": 0.25, ""task_family"": 1.55}"
erob_083,hard,5.45,adversarial,embodied_robotics,topology_mutation_and_failure,erob_gripper_failure_recovery,dolly,1.5,"{""coupled_motion_or_contact"": 0.95, ""motion_control"": 1.8, ""multi_entity_or_human_interaction"": 0.9, ""multi_step_required_events"": 0.25, ""task_family"": 1.55}"
erob_084,hard,5.45,adversarial,embodied_robotics,topology_mutation_and_failure,erob_gripper_failure_recovery,dolly,1.5,"{""coupled_motion_or_contact"": 0.95, ""motion_control"": 1.8, ""multi_entity_or_human_interaction"": 0.9, ""multi_step_required_events"": 0.25, ""task_family"": 1.55}"
erob_086,hard,5.45,adversarial,embodied_robotics,topology_mutation_and_failure,erob_gripper_failure_recovery,dolly,1.5,"{""coupled_motion_or_contact"": 0.95, ""motion_control"": 1.8, ""multi_entity_or_human_interaction"": 0.9, ""multi_step_required_events"": 0.25, ""task_family"": 1.55}"
erob_092,easy,3.45,adversarial,embodied_robotics,industrial_logic_and_compliance,erob_cobot_human_handover,static,0.0,"{""coupled_motion_or_contact"": 0.95, ""motion_control"": 0.0, ""multi_entity_or_human_interaction"": 0.9, ""multi_step_required_events"": 0.25, ""task_family"": 1.35}"
erob_093,easy,3.45,adversarial,embodied_robotics,industrial_logic_and_compliance,erob_cobot_human_handover,static,0.0,"{""coupled_motion_or_contact"": 0.95, ""motion_control"": 0.0, ""multi_entity_or_human_interaction"": 0.9, ""multi_step_required_events"": 0.25, ""task_family"": 1.35}"
erob_094,hard,5.45,hard,embodied_robotics,rigid_body_kinematics_and_coupling,erob_amr_warehouse_navigation,orbit,45.0,"{""coupled_motion_or_contact"": 0.95, ""motion_control"": 1.9, ""multi_entity_or_human_interaction"": 0.9, ""multi_step_required_events"": 0.25, ""task_family"": 1.45}"
erob_095,hard,5.45,hard,embodied_robotics,rigid_body_kinematics_and_coupling,erob_amr_warehouse_navigation,orbit,45.0,"{""coupled_motion_or_contact"": 0.95, ""motion_control"": 1.9, ""multi_entity_or_human_interaction"": 0.9, ""multi_step_required_events"": 0.25, ""task_family"": 1.45}"
erob_099,hard,5.45,adversarial,embodied_robotics,topology_mutation_and_failure,erob_gripper_failure_recovery,dolly,1.5,"{""coupled_motion_or_contact"": 0.95, ""motion_control"": 1.8, ""multi_entity_or_human_interaction"": 0.9, ""multi_step_required_events"": 0.25, ""task_family"": 1.55}"
erob_100,hard,5.45,adversarial,embodied_robotics,topology_mutation_and_failure,erob_gripper_failure_recovery,dolly,1.5,"{""coupled_motion_or_contact"": 0.95, ""motion_control"": 1.8, ""multi_entity_or_human_interaction"": 0.9, ""multi_step_required_events"": 0.25, ""task_family"": 1.55}"
erob_105,easy,4.25,adversarial,embodied_robotics,industrial_logic_and_compliance,erob_agv_rollup_door_interlock,static,0.0,"{""causal_safety_response"": 0.8, ""coupled_motion_or_contact"": 0.95, ""motion_control"": 0.0, ""multi_entity_or_human_interaction"": 0.9, ""multi_step_required_events"": 0.25, ""task_family"": 1.35}"
erob_115,easy,4.25,adversarial,embodied_robotics,industrial_logic_and_compliance,erob_cobot_safety_scanner_slowdown,static,0.0,"{""causal_safety_response"": 0.8, ""coupled_motion_or_contact"": 0.95, ""motion_control"": 0.0, ""multi_entity_or_human_interaction"": 0.9, ""multi_step_required_events"": 0.25, ""task_family"": 1.35}"
erob_125,easy,4.25,adversarial,embodied_robotics,industrial_logic_and_compliance,erob_amr_charger_smoke_abort,static,0.0,"{""causal_safety_response"": 0.8, ""coupled_motion_or_contact"": 0.95, ""motion_control"": 0.0, ""multi_entity_or_human_interaction"": 0.9, ""multi_step_required_events"": 0.25, ""task_family"": 1.35}"
erob_140,medium,4.55,hard,embodied_robotics,rigid_body_kinematics_and_coupling,erob_multi_robot_coordination,orbit,45.0,"{""coupled_motion_or_contact"": 0.95, ""motion_control"": 1.9, ""multi_step_required_events"": 0.25, ""task_family"": 1.45}"
erob_144,hard,5.45,hard,embodied_robotics,rigid_body_kinematics_and_coupling,erob_robot_tool_contact_force,orbit,45.0,"{""coupled_motion_or_contact"": 0.95, ""motion_control"": 1.9, ""multi_entity_or_human_interaction"": 0.9, ""multi_step_required_events"": 0.25, ""task_family"": 1.45}"
erob_146,easy,4.25,adversarial,embodied_robotics,industrial_logic_and_compliance,erob_amr_charger_smoke_abort,static,0.0,"{""causal_safety_response"": 0.8, ""coupled_motion_or_contact"": 0.95, ""motion_control"": 0.0, ""multi_entity_or_human_interaction"": 0.9, ""multi_step_required_events"": 0.25, ""task_family"": 1.35}"
erob_147,easy,4.25,adversarial,embodied_robotics,industrial_logic_and_compliance,erob_amr_charger_smoke_abort,static,0.0,"{""causal_safety_response"": 0.8, ""coupled_motion_or_contact"": 0.95, ""motion_control"": 0.0, ""multi_entity_or_human_interaction"": 0.9, ""multi_step_required_events"": 0.25, ""task_family"": 1.35}"
erob_152,easy,4.25,adversarial,embodied_robotics,industrial_logic_and_compliance,erob_amr_charger_smoke_abort,static,0.0,"{""causal_safety_response"": 0.8, ""coupled_motion_or_contact"": 0.95, ""motion_control"": 0.0, ""multi_entity_or_human_interaction"": 0.9, ""multi_step_required_events"": 0.25, ""task_family"": 1.35}"
erob_154,easy,4.25,adversarial,embodied_robotics,industrial_logic_and_compliance,erob_amr_charger_smoke_abort,static,0.0,"{""causal_safety_response"": 0.8, ""coupled_motion_or_contact"": 0.95, ""motion_control"": 0.0, ""multi_entity_or_human_interaction"": 0.9, ""multi_step_required_events"": 0.25, ""task_family"": 1.35}"
erob_156,easy,4.25,adversarial,embodied_robotics,industrial_logic_and_compliance,erob_amr_charger_smoke_abort,static,0.0,"{""causal_safety_response"": 0.8, ""coupled_motion_or_contact"": 0.95, ""motion_control"": 0.0, ""multi_entity_or_human_interaction"": 0.9, ""multi_step_required_events"": 0.25, ""task_family"": 1.35}"
erob_157,easy,4.25,adversarial,embodied_robotics,industrial_logic_and_compliance,erob_amr_charger_smoke_abort,static,0.0,"{""causal_safety_response"": 0.8, ""coupled_motion_or_contact"": 0.95, ""motion_control"": 0.0, ""multi_entity_or_human_interaction"": 0.9, ""multi_step_required_events"": 0.25, ""task_family"": 1.35}"
erob_159,easy,4.25,adversarial,embodied_robotics,industrial_logic_and_compliance,erob_amr_charger_smoke_abort,static,0.0,"{""causal_safety_response"": 0.8, ""coupled_motion_or_contact"": 0.95, ""motion_control"": 0.0, ""multi_entity_or_human_interaction"": 0.9, ""multi_step_required_events"": 0.25, ""task_family"": 1.35}"
erob_160,easy,4.25,adversarial,embodied_robotics,industrial_logic_and_compliance,erob_cobot_safety_scanner_slowdown,static,0.0,"{""causal_safety_response"": 0.8, ""coupled_motion_or_contact"": 0.95, ""motion_control"": 0.0, ""multi_entity_or_human_interaction"": 0.9, ""multi_step_required_events"": 0.25, ""task_family"": 1.35}"
erob_162,easy,4.25,adversarial,embodied_robotics,industrial_logic_and_compliance,erob_cobot_safety_scanner_slowdown,static,0.0,"{""causal_safety_response"": 0.8, ""coupled_motion_or_contact"": 0.95, ""motion_control"": 0.0, ""multi_entity_or_human_interaction"": 0.9, ""multi_step_required_events"": 0.25, ""task_family"": 1.35}"
erob_163,easy,4.25,adversarial,embodied_robotics,industrial_logic_and_compliance,erob_cobot_safety_scanner_slowdown,static,0.0,"{""causal_safety_response"": 0.8, ""coupled_motion_or_contact"": 0.95, ""motion_control"": 0.0, ""multi_entity_or_human_interaction"": 0.9, ""multi_step_required_events"": 0.25, ""task_family"": 1.35}"
erob_167,easy,4.25,adversarial,embodied_robotics,industrial_logic_and_compliance,erob_cobot_safety_scanner_slowdown,static,0.0,"{""causal_safety_response"": 0.8, ""coupled_motion_or_contact"": 0.95, ""motion_control"": 0.0, ""multi_entity_or_human_interaction"": 0.9, ""multi_step_required_events"": 0.25, ""task_family"": 1.35}"
erob_168,easy,4.25,adversarial,embodied_robotics,industrial_logic_and_compliance,erob_cobot_safety_scanner_slowdown,static,0.0,"{""causal_safety_response"": 0.8, ""coupled_motion_or_contact"": 0.95, ""motion_control"": 0.0, ""multi_entity_or_human_interaction"": 0.9, ""multi_step_required_events"": 0.25, ""task_family"": 1.35}"
erob_170,hard,5.45,hard,embodied_robotics,rigid_body_kinematics_and_coupling,erob_robot_tool_contact_force,orbit,45.0,"{""coupled_motion_or_contact"": 0.95, ""motion_control"": 1.9, ""multi_entity_or_human_interaction"": 0.9, ""multi_step_required_events"": 0.25, ""task_family"": 1.45}"
erob_174,hard,5.45,hard,embodied_robotics,rigid_body_kinematics_and_coupling,erob_robot_tool_contact_force,orbit,45.0,"{""coupled_motion_or_contact"": 0.95, ""motion_control"": 1.9, ""multi_entity_or_human_interaction"": 0.9, ""multi_step_required_events"": 0.25, ""task_family"": 1.45}"
erob_177,medium,4.55,hard,embodied_robotics,rigid_body_kinematics_and_coupling,erob_multi_robot_coordination,orbit,45.0,"{""coupled_motion_or_contact"": 0.95, ""motion_control"": 1.9, ""multi_step_required_events"": 0.25, ""task_family"": 1.45}"
erob_179,hard,5.45,hard,embodied_robotics,rigid_body_kinematics_and_coupling,erob_robot_tool_contact_force,orbit,45.0,"{""coupled_motion_or_contact"": 0.95, ""motion_control"": 1.9, ""multi_entity_or_human_interaction"": 0.9, ""multi_step_required_events"": 0.25, ""task_family"": 1.45}"
erob_182,easy,3.45,adversarial,embodied_robotics,industrial_logic_and_compliance,erob_light_curtain_emergency_stop,static,0.0,"{""coupled_motion_or_contact"": 0.95, ""motion_control"": 0.0, ""multi_entity_or_human_interaction"": 0.9, ""multi_step_required_events"": 0.25, ""task_family"": 1.35}"
erob_184,adversarial,6.45,hard,embodied_robotics,rigid_body_kinematics_and_coupling,erob_robot_arm_precision_grasp,orbit,45.0,"{""coupled_motion_or_contact"": 0.95, ""motion_control"": 1.9, ""multi_entity_or_human_interaction"": 0.9, ""multi_step_required_events"": 0.25, ""precision_local_geometry"": 1.0, ""task_family"": 1.45}"
erob_185,adversarial,6.45,hard,embodied_robotics,rigid_body_kinematics_and_coupling,erob_robot_arm_precision_grasp,orbit,45.0,"{""coupled_motion_or_contact"": 0.95, ""motion_control"": 1.9, ""multi_entity_or_human_interaction"": 0.9, ""multi_step_required_events"": 0.25, ""precision_local_geometry"": 1.0, ""task_family"": 1.45}"
erob_186,adversarial,6.45,hard,embodied_robotics,rigid_body_kinematics_and_coupling,erob_robot_arm_precision_grasp,orbit,45.0,"{""coupled_motion_or_contact"": 0.95, ""motion_control"": 1.9, ""multi_entity_or_human_interaction"": 0.9, ""multi_step_required_events"": 0.25, ""precision_local_geometry"": 1.0, ""task_family"": 1.45}"
erob_187,adversarial,6.45,hard,embodied_robotics,rigid_body_kinematics_and_coupling,erob_robot_arm_precision_grasp,orbit,45.0,"{""coupled_motion_or_contact"": 0.95, ""motion_control"": 1.9, ""multi_entity_or_human_interaction"": 0.9, ""multi_step_required_events"": 0.25, ""precision_local_geometry"": 1.0, ""task_family"": 1.45}"
erob_189,adversarial,6.45,hard,embodied_robotics,rigid_body_kinematics_and_coupling,erob_robot_arm_precision_grasp,orbit,45.0,"{""coupled_motion_or_contact"": 0.95, ""motion_control"": 1.9, ""multi_entity_or_human_interaction"": 0.9, ""multi_step_required_events"": 0.25, ""precision_local_geometry"": 1.0, ""task_family"": 1.45}"
erob_190,easy,4.0,adversarial,embodied_robotics,spatial_exploration_and_viewpoint,erob_tracked_robot_rubble,pan,horizontal_pan_lr,"{""coupled_motion_or_contact"": 0.95, ""motion_control"": 1.0, ""multi_entity_or_human_interaction"": 0.9, ""multi_step_required_events"": 0.25, ""task_family"": 0.9}"
erob_193,hard,5.45,adversarial,embodied_robotics,topology_mutation_and_failure,erob_gripper_failure_recovery,dolly,1.5,"{""coupled_motion_or_contact"": 0.95, ""motion_control"": 1.8, ""multi_entity_or_human_interaction"": 0.9, ""multi_step_required_events"": 0.25, ""task_family"": 1.55}"
erob_195,hard,5.45,adversarial,embodied_robotics,topology_mutation_and_failure,erob_gripper_failure_recovery,dolly,1.5,"{""coupled_motion_or_contact"": 0.95, ""motion_control"": 1.8, ""multi_entity_or_human_interaction"": 0.9, ""multi_step_required_events"": 0.25, ""task_family"": 1.55}"
erob_210,hard,5.45,hard,embodied_robotics,rigid_body_kinematics_and_coupling,erob_amr_warehouse_navigation,orbit,45.0,"{""coupled_motion_or_contact"": 0.95, ""motion_control"": 1.9, ""multi_entity_or_human_interaction"": 0.9, ""multi_step_required_events"": 0.25, ""task_family"": 1.45}"
erob_211,hard,5.45,hard,embodied_robotics,rigid_body_kinematics_and_coupling,erob_amr_warehouse_navigation,orbit,45.0,"{""coupled_motion_or_contact"": 0.95, ""motion_control"": 1.9, ""multi_entity_or_human_interaction"": 0.9, ""multi_step_required_events"": 0.25, ""task_family"": 1.45}"
erob_216,easy,4.0,adversarial,embodied_robotics,spatial_exploration_and_viewpoint,erob_quadruped_stairs_rubble_fpv,pan,horizontal_pan_lr,"{""coupled_motion_or_contact"": 0.95, ""motion_control"": 1.0, ""multi_entity_or_human_interaction"": 0.9, ""multi_step_required_events"": 0.25, ""task_family"": 0.9}"
erob_222,easy,4.0,adversarial,embodied_robotics,spatial_exploration_and_viewpoint,erob_quadruped_stairs_rubble_fpv,pan,horizontal_pan_lr,"{""coupled_motion_or_contact"": 0.95, ""motion_control"": 1.0, ""multi_entity_or_human_interaction"": 0.9, ""multi_step_required_events"": 0.25, ""task_family"": 0.9}"
erob_224,easy,3.45,adversarial,embodied_robotics,industrial_logic_and_compliance,erob_light_curtain_emergency_stop,static,0.0,"{""coupled_motion_or_contact"": 0.95, ""motion_control"": 0.0, ""multi_entity_or_human_interaction"": 0.9, ""multi_step_required_events"": 0.25, ""task_family"": 1.35}"
erob_229,easy,4.25,adversarial,embodied_robotics,industrial_logic_and_compliance,erob_agv_rollup_door_interlock,static,0.0,"{""causal_safety_response"": 0.8, ""coupled_motion_or_contact"": 0.95, ""motion_control"": 0.0, ""multi_entity_or_human_interaction"": 0.9, ""multi_step_required_events"": 0.25, ""task_family"": 1.35}"
erob_230,easy,4.25,adversarial,embodied_robotics,industrial_logic_and_compliance,erob_agv_rollup_door_interlock,static,0.0,"{""causal_safety_response"": 0.8, ""coupled_motion_or_contact"": 0.95, ""motion_control"": 0.0, ""multi_entity_or_human_interaction"": 0.9, ""multi_step_required_events"": 0.25, ""task_family"": 1.35}"
erob_233,easy,4.25,adversarial,embodied_robotics,industrial_logic_and_compliance,erob_agv_rollup_door_interlock,static,0.0,"{""causal_safety_response"": 0.8, ""coupled_motion_or_contact"": 0.95, ""motion_control"": 0.0, ""multi_entity_or_human_interaction"": 0.9, ""multi_step_required_events"": 0.25, ""task_family"": 1.35}"
erob_234,easy,4.25,adversarial,embodied_robotics,industrial_logic_and_compliance,erob_agv_rollup_door_interlock,static,0.0,"{""causal_safety_response"": 0.8, ""coupled_motion_or_contact"": 0.95, ""motion_control"": 0.0, ""multi_entity_or_human_interaction"": 0.9, ""multi_step_required_events"": 0.25, ""task_family"": 1.35}"
erob_235,easy,4.25,adversarial,embodied_robotics,industrial_logic_and_compliance,erob_agv_rollup_door_interlock,static,0.0,"{""causal_safety_response"": 0.8, ""coupled_motion_or_contact"": 0.95, ""motion_control"": 0.0, ""multi_entity_or_human_interaction"": 0.9, ""multi_step_required_events"": 0.25, ""task_family"": 1.35}"
erob_237,easy,4.25,adversarial,embodied_robotics,industrial_logic_and_compliance,erob_agv_rollup_door_interlock,static,0.0,"{""causal_safety_response"": 0.8, ""coupled_motion_or_contact"": 0.95, ""motion_control"": 0.0, ""multi_entity_or_human_interaction"": 0.9, ""multi_step_required_events"": 0.25, ""task_family"": 1.35}"
erob_241,easy,4.25,adversarial,embodied_robotics,industrial_logic_and_compliance,erob_agv_rollup_door_interlock,static,0.0,"{""causal_safety_response"": 0.8, ""coupled_motion_or_contact"": 0.95, ""motion_control"": 0.0, ""multi_entity_or_human_interaction"": 0.9, ""multi_step_required_events"": 0.25, ""task_family"": 1.35}"
erob_245,easy,3.45,adversarial,embodied_robotics,industrial_logic_and_compliance,erob_cobot_human_handover,static,0.0,"{""coupled_motion_or_contact"": 0.95, ""motion_control"": 0.0, ""multi_entity_or_human_interaction"": 0.9, ""multi_step_required_events"": 0.25, ""task_family"": 1.35}"
erob_246,easy,3.45,adversarial,embodied_robotics,industrial_logic_and_compliance,erob_cobot_human_handover,static,0.0,"{""coupled_motion_or_contact"": 0.95, ""motion_control"": 0.0, ""multi_entity_or_human_interaction"": 0.9, ""multi_step_required_events"": 0.25, ""task_family"": 1.35}"
erob_249,easy,4.25,adversarial,embodied_robotics,industrial_logic_and_compliance,erob_cobot_safety_scanner_slowdown,static,0.0,"{""causal_safety_response"": 0.8, ""coupled_motion_or_contact"": 0.95, ""motion_control"": 0.0, ""multi_entity_or_human_interaction"": 0.9, ""multi_step_required_events"": 0.25, ""task_family"": 1.35}"
erob_250,easy,4.25,adversarial,embodied_robotics,industrial_logic_and_compliance,erob_cobot_safety_scanner_slowdown,static,0.0,"{""causal_safety_response"": 0.8, ""coupled_motion_or_contact"": 0.95, ""motion_control"": 0.0, ""multi_entity_or_human_interaction"": 0.9, ""multi_step_required_events"": 0.25, ""task_family"": 1.35}"
erob_259,easy,4.0,adversarial,embodied_robotics,spatial_exploration_and_viewpoint,erob_tracked_robot_rubble,pan,horizontal_pan_lr,"{""coupled_motion_or_contact"": 0.95, ""motion_control"": 1.0, ""multi_entity_or_human_interaction"": 0.9, ""multi_step_required_events"": 0.25, ""task_family"": 0.9}"
erob_260,easy,4.0,adversarial,embodied_robotics,spatial_exploration_and_viewpoint,erob_tracked_robot_rubble,pan,horizontal_pan_lr,"{""coupled_motion_or_contact"": 0.95, ""motion_control"": 1.0, ""multi_entity_or_human_interaction"": 0.9, ""multi_step_required_events"": 0.25, ""task_family"": 0.9}"
erob_261,easy,3.45,adversarial,embodied_robotics,industrial_logic_and_compliance,erob_cobot_human_handover,static,0.0,"{""coupled_motion_or_contact"": 0.95, ""motion_control"": 0.0, ""multi_entity_or_human_interaction"": 0.9, ""multi_step_required_events"": 0.25, ""task_family"": 1.35}"
hload_001,adversarial,6.25,hard,heavy_load_construction,rigid_body_kinematics_and_coupling,hload_dual_crawler_crane_lift,orbit,45.0,"{""causal_safety_response"": 0.8, ""coupled_motion_or_contact"": 0.95, ""motion_control"": 1.9, ""multi_entity_or_human_interaction"": 0.9, ""multi_step_required_events"": 0.25, ""task_family"": 1.45}"
hload_002,hard,5.35,hard,heavy_load_construction,rigid_body_kinematics_and_coupling,hload_dual_crawler_crane_lift,pan,horizontal_pan_lr,"{""causal_safety_response"": 0.8, ""coupled_motion_or_contact"": 0.95, ""motion_control"": 1.0, ""multi_entity_or_human_interaction"": 0.9, ""multi_step_required_events"": 0.25, ""task_family"": 1.45}"
hload_005,adversarial,6.25,hard,heavy_load_construction,rigid_body_kinematics_and_coupling,hload_dual_crawler_crane_lift,orbit,45.0,"{""causal_safety_response"": 0.8, ""coupled_motion_or_contact"": 0.95, ""motion_control"": 1.9, ""multi_entity_or_human_interaction"": 0.9, ""multi_step_required_events"": 0.25, ""task_family"": 1.45}"
hload_011,adversarial,7.25,adversarial,heavy_load_construction,topology_mutation_and_failure,hload_wire_rope_overload_snap,dolly,1.5,"{""causal_safety_response"": 0.8, ""coupled_motion_or_contact"": 0.95, ""motion_control"": 1.8, ""multi_entity_or_human_interaction"": 0.9, ""multi_step_required_events"": 0.25, ""precision_local_geometry"": 1.0, ""task_family"": 1.55}"
hload_012,adversarial,7.25,adversarial,heavy_load_construction,topology_mutation_and_failure,hload_wire_rope_overload_snap,dolly,1.5,"{""causal_safety_response"": 0.8, ""coupled_motion_or_contact"": 0.95, ""motion_control"": 1.8, ""multi_entity_or_human_interaction"": 0.9, ""multi_step_required_events"": 0.25, ""precision_local_geometry"": 1.0, ""task_family"": 1.55}"
hload_014,adversarial,7.25,adversarial,heavy_load_construction,topology_mutation_and_failure,hload_wire_rope_overload_snap,dolly,1.5,"{""causal_safety_response"": 0.8, ""coupled_motion_or_contact"": 0.95, ""motion_control"": 1.8, ""multi_entity_or_human_interaction"": 0.9, ""multi_step_required_events"": 0.25, ""precision_local_geometry"": 1.0, ""task_family"": 1.55}"
hload_015,adversarial,7.25,adversarial,heavy_load_construction,topology_mutation_and_failure,hload_wire_rope_overload_snap,dolly,1.5,"{""causal_safety_response"": 0.8, ""coupled_motion_or_contact"": 0.95, ""motion_control"": 1.8, ""multi_entity_or_human_interaction"": 0.9, ""multi_step_required_events"": 0.25, ""precision_local_geometry"": 1.0, ""task_family"": 1.55}"
hload_018,adversarial,7.25,adversarial,heavy_load_construction,topology_mutation_and_failure,hload_wire_rope_overload_snap,dolly,1.5,"{""causal_safety_response"": 0.8, ""coupled_motion_or_contact"": 0.95, ""motion_control"": 1.8, ""multi_entity_or_human_interaction"": 0.9, ""multi_step_required_events"": 0.25, ""precision_local_geometry"": 1.0, ""task_family"": 1.55}"
hload_021,adversarial,6.25,hard,heavy_load_construction,rigid_body_kinematics_and_coupling,hload_mining_truck_muddy_slope,orbit,45.0,"{""causal_safety_response"": 0.8, ""coupled_motion_or_contact"": 0.95, ""motion_control"": 1.9, ""multi_entity_or_human_interaction"": 0.9, ""multi_step_required_events"": 0.25, ""task_family"": 1.45}"
hload_022,hard,5.35,hard,heavy_load_construction,rigid_body_kinematics_and_coupling,hload_mining_truck_muddy_slope,pan,horizontal_pan_lr,"{""causal_safety_response"": 0.8, ""coupled_motion_or_contact"": 0.95, ""motion_control"": 1.0, ""multi_entity_or_human_interaction"": 0.9, ""multi_step_required_events"": 0.25, ""task_family"": 1.45}"
hload_023,adversarial,6.25,hard,heavy_load_construction,rigid_body_kinematics_and_coupling,hload_mining_truck_muddy_slope,orbit,45.0,"{""causal_safety_response"": 0.8, ""coupled_motion_or_contact"": 0.95, ""motion_control"": 1.9, ""multi_entity_or_human_interaction"": 0.9, ""multi_step_required_events"": 0.25, ""task_family"": 1.45}"
hload_025,adversarial,6.25,hard,heavy_load_construction,rigid_body_kinematics_and_coupling,hload_mining_truck_muddy_slope,orbit,45.0,"{""causal_safety_response"": 0.8, ""coupled_motion_or_contact"": 0.95, ""motion_control"": 1.9, ""multi_entity_or_human_interaction"": 0.9, ""multi_step_required_events"": 0.25, ""task_family"": 1.45}"
hload_031,adversarial,6.25,hard,heavy_load_construction,rigid_body_kinematics_and_coupling,hload_gantry_wind_disturbance,orbit,45.0,"{""causal_safety_response"": 0.8, ""coupled_motion_or_contact"": 0.95, ""motion_control"": 1.9, ""multi_entity_or_human_interaction"": 0.9, ""multi_step_required_events"": 0.25, ""task_family"": 1.45}"
hload_033,adversarial,6.25,hard,heavy_load_construction,rigid_body_kinematics_and_coupling,hload_gantry_wind_disturbance,orbit,45.0,"{""causal_safety_response"": 0.8, ""coupled_motion_or_contact"": 0.95, ""motion_control"": 1.9, ""multi_entity_or_human_interaction"": 0.9, ""multi_step_required_events"": 0.25, ""task_family"": 1.45}"
hload_041,easy,3.9,adversarial,heavy_load_construction,spatial_exploration_and_viewpoint,hload_bridge_segment_alignment_drone,pan,horizontal_pan_lr,"{""causal_safety_response"": 0.8, ""coupled_motion_or_contact"": 0.95, ""motion_control"": 1.0, ""multi_step_required_events"": 0.25, ""task_family"": 0.9}"
hload_042,medium,4.8,adversarial,heavy_load_construction,spatial_exploration_and_viewpoint,hload_bridge_segment_alignment_drone,orbit,45.0,"{""causal_safety_response"": 0.8, ""coupled_motion_or_contact"": 0.95, ""motion_control"": 1.9, ""multi_step_required_events"": 0.25, ""task_family"": 0.9}"
hload_051,hard,5.35,hard,heavy_load_construction,rigid_body_kinematics_and_coupling,hload_excavator_linkage_loading,orbit,45.0,"{""causal_safety_response"": 0.8, ""coupled_motion_or_contact"": 0.95, ""motion_control"": 1.9, ""multi_step_required_events"": 0.25, ""task_family"": 1.45}"
hload_056,medium,4.45,hard,heavy_load_construction,rigid_body_kinematics_and_coupling,hload_excavator_linkage_loading,pan,horizontal_pan_lr,"{""causal_safety_response"": 0.8, ""coupled_motion_or_contact"": 0.95, ""motion_control"": 1.0, ""multi_step_required_events"": 0.25, ""task_family"": 1.45}"
hload_058,medium,4.45,hard,heavy_load_construction,rigid_body_kinematics_and_coupling,hload_excavator_linkage_loading,pan,horizontal_pan_lr,"{""causal_safety_response"": 0.8, ""coupled_motion_or_contact"": 0.95, ""motion_control"": 1.0, ""multi_step_required_events"": 0.25, ""task_family"": 1.45}"
hload_061,adversarial,6.25,adversarial,heavy_load_construction,topology_mutation_and_failure,hload_ground_settlement_outrigger,dolly,1.5,"{""causal_safety_response"": 0.8, ""coupled_motion_or_contact"": 0.95, ""motion_control"": 1.8, ""multi_entity_or_human_interaction"": 0.9, ""multi_step_required_events"": 0.25, ""task_family"": 1.55}"
hload_062,adversarial,6.25,adversarial,heavy_load_construction,topology_mutation_and_failure,hload_ground_settlement_outrigger,dolly,1.5,"{""causal_safety_response"": 0.8, ""coupled_motion_or_contact"": 0.95, ""motion_control"": 1.8, ""multi_entity_or_human_interaction"": 0.9, ""multi_step_required_events"": 0.25, ""task_family"": 1.55}"
hload_063,adversarial,6.25,adversarial,heavy_load_construction,topology_mutation_and_failure,hload_ground_settlement_outrigger,dolly,1.5,"{""causal_safety_response"": 0.8, ""coupled_motion_or_contact"": 0.95, ""motion_control"": 1.8, ""multi_entity_or_human_interaction"": 0.9, ""multi_step_required_events"": 0.25, ""task_family"": 1.55}"
hload_069,adversarial,6.25,adversarial,heavy_load_construction,topology_mutation_and_failure,hload_ground_settlement_outrigger,dolly,1.5,"{""causal_safety_response"": 0.8, ""coupled_motion_or_contact"": 0.95, ""motion_control"": 1.8, ""multi_entity_or_human_interaction"": 0.9, ""multi_step_required_events"": 0.25, ""task_family"": 1.55}"
hload_071,medium,4.85,adversarial,heavy_load_construction,fluid_dynamics_and_thermodynamics,hload_tunnel_pipe_burst_mud_surge,static,0.0,"{""causal_safety_response"": 0.8, ""coupled_motion_or_contact"": 0.95, ""fluid_heat_or_pressure"": 1.15, ""motion_control"": 0.0, ""multi_step_required_events"": 0.25, ""task_family"": 1.7}"
hload_072,hard,5.85,adversarial,heavy_load_construction,fluid_dynamics_and_thermodynamics,hload_tunnel_pipe_burst_mud_surge,pan,horizontal_pan_lr,"{""causal_safety_response"": 0.8, ""coupled_motion_or_contact"": 0.95, ""fluid_heat_or_pressure"": 1.15, ""motion_control"": 1.0, ""multi_step_required_events"": 0.25, ""task_family"": 1.7}"
hload_076,hard,5.85,adversarial,heavy_load_construction,fluid_dynamics_and_thermodynamics,hload_tunnel_pipe_burst_mud_surge,pan,horizontal_pan_lr,"{""causal_safety_response"": 0.8, ""coupled_motion_or_contact"": 0.95, ""fluid_heat_or_pressure"": 1.15, ""motion_control"": 1.0, ""multi_step_required_events"": 0.25, ""task_family"": 1.7}"
hload_077,medium,4.85,adversarial,heavy_load_construction,fluid_dynamics_and_thermodynamics,hload_tunnel_pipe_burst_mud_surge,static,0.0,"{""causal_safety_response"": 0.8, ""coupled_motion_or_contact"": 0.95, ""fluid_heat_or_pressure"": 1.15, ""motion_control"": 0.0, ""multi_step_required_events"": 0.25, ""task_family"": 1.7}"
hload_081,easy,3.35,adversarial,heavy_load_construction,industrial_logic_and_compliance,hload_hoist_collision_near_structure,static,0.0,"{""causal_safety_response"": 0.8, ""coupled_motion_or_contact"": 0.95, ""motion_control"": 0.0, ""multi_step_required_events"": 0.25, ""task_family"": 1.35}"
hload_082,easy,3.35,adversarial,heavy_load_construction,industrial_logic_and_compliance,hload_hoist_collision_near_structure,static,0.0,"{""causal_safety_response"": 0.8, ""coupled_motion_or_contact"": 0.95, ""motion_control"": 0.0, ""multi_step_required_events"": 0.25, ""task_family"": 1.35}"
hload_083,easy,3.35,adversarial,heavy_load_construction,industrial_logic_and_compliance,hload_hoist_collision_near_structure,static,0.0,"{""causal_safety_response"": 0.8, ""coupled_motion_or_contact"": 0.95, ""motion_control"": 0.0, ""multi_step_required_events"": 0.25, ""task_family"": 1.35}"
hload_085,easy,3.35,adversarial,heavy_load_construction,industrial_logic_and_compliance,hload_hoist_collision_near_structure,static,0.0,"{""causal_safety_response"": 0.8, ""coupled_motion_or_contact"": 0.95, ""motion_control"": 0.0, ""multi_step_required_events"": 0.25, ""task_family"": 1.35}"
hload_091,hard,5.35,adversarial,heavy_load_construction,topology_mutation_and_failure,hload_formwork_collapse_local,dolly,1.5,"{""causal_safety_response"": 0.8, ""coupled_motion_or_contact"": 0.95, ""motion_control"": 1.8, ""multi_step_required_events"": 0.25, ""task_family"": 1.55}"
hload_092,hard,5.35,adversarial,heavy_load_construction,topology_mutation_and_failure,hload_formwork_collapse_local,dolly,1.5,"{""causal_safety_response"": 0.8, ""coupled_motion_or_contact"": 0.95, ""motion_control"": 1.8, ""multi_step_required_events"": 0.25, ""task_family"": 1.55}"
hload_095,hard,5.35,adversarial,heavy_load_construction,topology_mutation_and_failure,hload_formwork_collapse_local,dolly,1.5,"{""causal_safety_response"": 0.8, ""coupled_motion_or_contact"": 0.95, ""motion_control"": 1.8, ""multi_step_required_events"": 0.25, ""task_family"": 1.55}"
hload_096,hard,5.35,adversarial,heavy_load_construction,topology_mutation_and_failure,hload_formwork_collapse_local,dolly,1.5,"{""causal_safety_response"": 0.8, ""coupled_motion_or_contact"": 0.95, ""motion_control"": 1.8, ""multi_step_required_events"": 0.25, ""task_family"": 1.55}"
hload_109,medium,4.85,adversarial,heavy_load_construction,fluid_dynamics_and_thermodynamics,hload_tunnel_pipe_burst_mud_surge,static,0.0,"{""causal_safety_response"": 0.8, ""coupled_motion_or_contact"": 0.95, ""fluid_heat_or_pressure"": 1.15, ""motion_control"": 0.0, ""multi_step_required_events"": 0.25, ""task_family"": 1.7}"
hload_115,easy,3.9,adversarial,heavy_load_construction,spatial_exploration_and_viewpoint,hload_bridge_segment_alignment_drone,pan,horizontal_pan_lr,"{""causal_safety_response"": 0.8, ""coupled_motion_or_contact"": 0.95, ""motion_control"": 1.0, ""multi_step_required_events"": 0.25, ""task_family"": 0.9}"
hload_117,hard,5.35,hard,heavy_load_construction,rigid_body_kinematics_and_coupling,hload_excavator_linkage_loading,orbit,45.0,"{""causal_safety_response"": 0.8, ""coupled_motion_or_contact"": 0.95, ""motion_control"": 1.9, ""multi_step_required_events"": 0.25, ""task_family"": 1.45}"
hload_119,adversarial,6.25,adversarial,heavy_load_construction,topology_mutation_and_failure,hload_ground_settlement_outrigger,dolly,1.5,"{""causal_safety_response"": 0.8, ""coupled_motion_or_contact"": 0.95, ""motion_control"": 1.8, ""multi_entity_or_human_interaction"": 0.9, ""multi_step_required_events"": 0.25, ""task_family"": 1.55}"
hload_120,easy,3.35,adversarial,heavy_load_construction,industrial_logic_and_compliance,hload_hoist_collision_near_structure,static,0.0,"{""causal_safety_response"": 0.8, ""coupled_motion_or_contact"": 0.95, ""motion_control"": 0.0, ""multi_step_required_events"": 0.25, ""task_family"": 1.35}"
hload_121,easy,3.9,adversarial,heavy_load_construction,spatial_exploration_and_viewpoint,hload_bridge_segment_alignment_drone,pan,horizontal_pan_lr,"{""causal_safety_response"": 0.8, ""coupled_motion_or_contact"": 0.95, ""motion_control"": 1.0, ""multi_step_required_events"": 0.25, ""task_family"": 0.9}"
hload_123,easy,3.9,adversarial,heavy_load_construction,spatial_exploration_and_viewpoint,hload_bridge_segment_alignment_drone,pan,horizontal_pan_lr,"{""causal_safety_response"": 0.8, ""coupled_motion_or_contact"": 0.95, ""motion_control"": 1.0, ""multi_step_required_events"": 0.25, ""task_family"": 0.9}"
hload_125,easy,3.9,adversarial,heavy_load_construction,spatial_exploration_and_viewpoint,hload_bridge_segment_alignment_drone,pan,horizontal_pan_lr,"{""causal_safety_response"": 0.8, ""coupled_motion_or_contact"": 0.95, ""motion_control"": 1.0, ""multi_step_required_events"": 0.25, ""task_family"": 0.9}"
hload_126,easy,3.9,adversarial,heavy_load_construction,spatial_exploration_and_viewpoint,hload_bridge_segment_alignment_drone,pan,horizontal_pan_lr,"{""causal_safety_response"": 0.8, ""coupled_motion_or_contact"": 0.95, ""motion_control"": 1.0, ""multi_step_required_events"": 0.25, ""task_family"": 0.9}"
hload_127,easy,3.9,adversarial,heavy_load_construction,spatial_exploration_and_viewpoint,hload_bridge_segment_alignment_drone,pan,horizontal_pan_lr,"{""causal_safety_response"": 0.8, ""coupled_motion_or_contact"": 0.95, ""motion_control"": 1.0, ""multi_step_required_events"": 0.25, ""task_family"": 0.9}"
hload_129,easy,3.9,adversarial,heavy_load_construction,spatial_exploration_and_viewpoint,hload_bridge_segment_alignment_drone,pan,horizontal_pan_lr,"{""causal_safety_response"": 0.8, ""coupled_motion_or_contact"": 0.95, ""motion_control"": 1.0, ""multi_step_required_events"": 0.25, ""task_family"": 0.9}"
hload_132,easy,3.9,adversarial,heavy_load_construction,spatial_exploration_and_viewpoint,hload_bridge_segment_alignment_drone,pan,horizontal_pan_lr,"{""causal_safety_response"": 0.8, ""coupled_motion_or_contact"": 0.95, ""motion_control"": 1.0, ""multi_step_required_events"": 0.25, ""task_family"": 0.9}"
hload_134,adversarial,6.25,hard,heavy_load_construction,rigid_body_kinematics_and_coupling,hload_dual_crawler_crane_lift,orbit,45.0,"{""causal_safety_response"": 0.8, ""coupled_motion_or_contact"": 0.95, ""motion_control"": 1.9, ""multi_entity_or_human_interaction"": 0.9, ""multi_step_required_events"": 0.25, ""task_family"": 1.45}"
hload_136,adversarial,6.25,hard,heavy_load_construction,rigid_body_kinematics_and_coupling,hload_dual_crawler_crane_lift,orbit,45.0,"{""causal_safety_response"": 0.8, ""coupled_motion_or_contact"": 0.95, ""motion_control"": 1.9, ""multi_entity_or_human_interaction"": 0.9, ""multi_step_required_events"": 0.25, ""task_family"": 1.45}"
hload_137,adversarial,6.25,hard,heavy_load_construction,rigid_body_kinematics_and_coupling,hload_dual_crawler_crane_lift,orbit,45.0,"{""causal_safety_response"": 0.8, ""coupled_motion_or_contact"": 0.95, ""motion_control"": 1.9, ""multi_entity_or_human_interaction"": 0.9, ""multi_step_required_events"": 0.25, ""task_family"": 1.45}"
hload_138,adversarial,6.25,hard,heavy_load_construction,rigid_body_kinematics_and_coupling,hload_dual_crawler_crane_lift,orbit,45.0,"{""causal_safety_response"": 0.8, ""coupled_motion_or_contact"": 0.95, ""motion_control"": 1.9, ""multi_entity_or_human_interaction"": 0.9, ""multi_step_required_events"": 0.25, ""task_family"": 1.45}"
hload_140,adversarial,6.25,hard,heavy_load_construction,rigid_body_kinematics_and_coupling,hload_mining_truck_muddy_slope,orbit,45.0,"{""causal_safety_response"": 0.8, ""coupled_motion_or_contact"": 0.95, ""motion_control"": 1.9, ""multi_entity_or_human_interaction"": 0.9, ""multi_step_required_events"": 0.25, ""task_family"": 1.45}"
hload_141,adversarial,6.25,hard,heavy_load_construction,rigid_body_kinematics_and_coupling,hload_mining_truck_muddy_slope,orbit,45.0,"{""causal_safety_response"": 0.8, ""coupled_motion_or_contact"": 0.95, ""motion_control"": 1.9, ""multi_entity_or_human_interaction"": 0.9, ""multi_step_required_events"": 0.25, ""task_family"": 1.45}"
hload_145,adversarial,6.25,hard,heavy_load_construction,rigid_body_kinematics_and_coupling,hload_mining_truck_muddy_slope,orbit,45.0,"{""causal_safety_response"": 0.8, ""coupled_motion_or_contact"": 0.95, ""motion_control"": 1.9, ""multi_entity_or_human_interaction"": 0.9, ""multi_step_required_events"": 0.25, ""task_family"": 1.45}"
hload_147,hard,5.35,adversarial,heavy_load_construction,topology_mutation_and_failure,hload_formwork_collapse_local,dolly,1.5,"{""causal_safety_response"": 0.8, ""coupled_motion_or_contact"": 0.95, ""motion_control"": 1.8, ""multi_step_required_events"": 0.25, ""task_family"": 1.55}"
hload_149,hard,5.35,adversarial,heavy_load_construction,topology_mutation_and_failure,hload_formwork_collapse_local,dolly,1.5,"{""causal_safety_response"": 0.8, ""coupled_motion_or_contact"": 0.95, ""motion_control"": 1.8, ""multi_step_required_events"": 0.25, ""task_family"": 1.55}"
hload_152,hard,5.35,adversarial,heavy_load_construction,topology_mutation_and_failure,hload_formwork_collapse_local,dolly,1.5,"{""causal_safety_response"": 0.8, ""coupled_motion_or_contact"": 0.95, ""motion_control"": 1.8, ""multi_step_required_events"": 0.25, ""task_family"": 1.55}"
hload_153,hard,5.35,adversarial,heavy_load_construction,topology_mutation_and_failure,hload_formwork_collapse_local,dolly,1.5,"{""causal_safety_response"": 0.8, ""coupled_motion_or_contact"": 0.95, ""motion_control"": 1.8, ""multi_step_required_events"": 0.25, ""task_family"": 1.55}"
hload_157,adversarial,6.25,hard,heavy_load_construction,rigid_body_kinematics_and_coupling,hload_gantry_wind_disturbance,orbit,45.0,"{""causal_safety_response"": 0.8, ""coupled_motion_or_contact"": 0.95, ""motion_control"": 1.9, ""multi_entity_or_human_interaction"": 0.9, ""multi_step_required_events"": 0.25, ""task_family"": 1.45}"
hload_158,adversarial,6.25,hard,heavy_load_construction,rigid_body_kinematics_and_coupling,hload_gantry_wind_disturbance,orbit,45.0,"{""causal_safety_response"": 0.8, ""coupled_motion_or_contact"": 0.95, ""motion_control"": 1.9, ""multi_entity_or_human_interaction"": 0.9, ""multi_step_required_events"": 0.25, ""task_family"": 1.45}"
hload_159,adversarial,6.25,hard,heavy_load_construction,rigid_body_kinematics_and_coupling,hload_gantry_wind_disturbance,orbit,45.0,"{""causal_safety_response"": 0.8, ""coupled_motion_or_contact"": 0.95, ""motion_control"": 1.9, ""multi_entity_or_human_interaction"": 0.9, ""multi_step_required_events"": 0.25, ""task_family"": 1.45}"
hload_160,adversarial,6.25,hard,heavy_load_construction,rigid_body_kinematics_and_coupling,hload_gantry_wind_disturbance,orbit,45.0,"{""causal_safety_response"": 0.8, ""coupled_motion_or_contact"": 0.95, ""motion_control"": 1.9, ""multi_entity_or_human_interaction"": 0.9, ""multi_step_required_events"": 0.25, ""task_family"": 1.45}"
hload_165,adversarial,6.25,hard,heavy_load_construction,rigid_body_kinematics_and_coupling,hload_gantry_wind_disturbance,orbit,45.0,"{""causal_safety_response"": 0.8, ""coupled_motion_or_contact"": 0.95, ""motion_control"": 1.9, ""multi_entity_or_human_interaction"": 0.9, ""multi_step_required_events"": 0.25, ""task_family"": 1.45}"
hload_166,adversarial,6.25,hard,heavy_load_construction,rigid_body_kinematics_and_coupling,hload_gantry_wind_disturbance,orbit,45.0,"{""causal_safety_response"": 0.8, ""coupled_motion_or_contact"": 0.95, ""motion_control"": 1.9, ""multi_entity_or_human_interaction"": 0.9, ""multi_step_required_events"": 0.25, ""task_family"": 1.45}"
hload_193,adversarial,6.25,hard,heavy_load_construction,rigid_body_kinematics_and_coupling,hload_sling_angle_center_of_gravity,orbit,45.0,"{""causal_safety_response"": 0.8, ""coupled_motion_or_contact"": 0.95, ""motion_control"": 1.9, ""multi_entity_or_human_interaction"": 0.9, ""multi_step_required_events"": 0.25, ""task_family"": 1.45}"
hload_203,medium,4.8,adversarial,heavy_load_construction,spatial_exploration_and_viewpoint,hload_blind_lift_spotter_view,pan,horizontal_pan_lr,"{""causal_safety_response"": 0.8, ""coupled_motion_or_contact"": 0.95, ""motion_control"": 1.0, ""multi_entity_or_human_interaction"": 0.9, ""multi_step_required_events"": 0.25, ""task_family"": 0.9}"
hload_213,medium,4.8,adversarial,heavy_load_construction,spatial_exploration_and_viewpoint,hload_blind_lift_spotter_view,pan,horizontal_pan_lr,"{""causal_safety_response"": 0.8, ""coupled_motion_or_contact"": 0.95, ""motion_control"": 1.0, ""multi_entity_or_human_interaction"": 0.9, ""multi_step_required_events"": 0.25, ""task_family"": 0.9}"
hload_214,hard,5.35,hard,heavy_load_construction,rigid_body_kinematics_and_coupling,hload_excavator_linkage_loading,orbit,45.0,"{""causal_safety_response"": 0.8, ""coupled_motion_or_contact"": 0.95, ""motion_control"": 1.9, ""multi_step_required_events"": 0.25, ""task_family"": 1.45}"
hload_215,hard,5.35,hard,heavy_load_construction,rigid_body_kinematics_and_coupling,hload_excavator_linkage_loading,orbit,45.0,"{""causal_safety_response"": 0.8, ""coupled_motion_or_contact"": 0.95, ""motion_control"": 1.9, ""multi_step_required_events"": 0.25, ""task_family"": 1.45}"
hload_217,adversarial,6.25,hard,heavy_load_construction,rigid_body_kinematics_and_coupling,hload_sling_angle_center_of_gravity,orbit,45.0,"{""causal_safety_response"": 0.8, ""coupled_motion_or_contact"": 0.95, ""motion_control"": 1.9, ""multi_entity_or_human_interaction"": 0.9, ""multi_step_required_events"": 0.25, ""task_family"": 1.45}"
hload_218,adversarial,6.25,hard,heavy_load_construction,rigid_body_kinematics_and_coupling,hload_sling_angle_center_of_gravity,orbit,45.0,"{""causal_safety_response"": 0.8, ""coupled_motion_or_contact"": 0.95, ""motion_control"": 1.9, ""multi_entity_or_human_interaction"": 0.9, ""multi_step_required_events"": 0.25, ""task_family"": 1.45}"
hload_219,medium,4.85,adversarial,heavy_load_construction,fluid_dynamics_and_thermodynamics,hload_tunnel_pipe_burst_mud_surge,static,0.0,"{""causal_safety_response"": 0.8, ""coupled_motion_or_contact"": 0.95, ""fluid_heat_or_pressure"": 1.15, ""motion_control"": 0.0, ""multi_step_required_events"": 0.25, ""task_family"": 1.7}"
hload_220,medium,4.8,adversarial,heavy_load_construction,spatial_exploration_and_viewpoint,hload_blind_lift_spotter_view,pan,horizontal_pan_lr,"{""causal_safety_response"": 0.8, ""coupled_motion_or_contact"": 0.95, ""motion_control"": 1.0, ""multi_entity_or_human_interaction"": 0.9, ""multi_step_required_events"": 0.25, ""task_family"": 0.9}"
hload_221,medium,4.8,adversarial,heavy_load_construction,spatial_exploration_and_viewpoint,hload_blind_lift_spotter_view,pan,horizontal_pan_lr,"{""causal_safety_response"": 0.8, ""coupled_motion_or_contact"": 0.95, ""motion_control"": 1.0, ""multi_entity_or_human_interaction"": 0.9, ""multi_step_required_events"": 0.25, ""task_family"": 0.9}"
hload_223,hard,5.35,hard,heavy_load_construction,rigid_body_kinematics_and_coupling,hload_excavator_linkage_loading,orbit,45.0,"{""causal_safety_response"": 0.8, ""coupled_motion_or_contact"": 0.95, ""motion_control"": 1.9, ""multi_step_required_events"": 0.25, ""task_family"": 1.45}"
hload_225,hard,5.35,hard,heavy_load_construction,rigid_body_kinematics_and_coupling,hload_excavator_linkage_loading,orbit,45.0,"{""causal_safety_response"": 0.8, ""coupled_motion_or_contact"": 0.95, ""motion_control"": 1.9, ""multi_step_required_events"": 0.25, ""task_family"": 1.45}"
hload_226,adversarial,6.25,adversarial,heavy_load_construction,topology_mutation_and_failure,hload_ground_settlement_outrigger,dolly,1.5,"{""causal_safety_response"": 0.8, ""coupled_motion_or_contact"": 0.95, ""motion_control"": 1.8, ""multi_entity_or_human_interaction"": 0.9, ""multi_step_required_events"": 0.25, ""task_family"": 1.55}"
hload_227,adversarial,6.25,hard,heavy_load_construction,rigid_body_kinematics_and_coupling,hload_sling_angle_center_of_gravity,orbit,45.0,"{""causal_safety_response"": 0.8, ""coupled_motion_or_contact"": 0.95, ""motion_control"": 1.9, ""multi_entity_or_human_interaction"": 0.9, ""multi_step_required_events"": 0.25, ""task_family"": 1.45}"
hload_228,adversarial,6.25,hard,heavy_load_construction,rigid_body_kinematics_and_coupling,hload_sling_angle_center_of_gravity,orbit,45.0,"{""causal_safety_response"": 0.8, ""coupled_motion_or_contact"": 0.95, ""motion_control"": 1.9, ""multi_entity_or_human_interaction"": 0.9, ""multi_step_required_events"": 0.25, ""task_family"": 1.45}"
hload_230,adversarial,6.25,hard,heavy_load_construction,rigid_body_kinematics_and_coupling,hload_sling_angle_center_of_gravity,orbit,45.0,"{""causal_safety_response"": 0.8, ""coupled_motion_or_contact"": 0.95, ""motion_control"": 1.9, ""multi_entity_or_human_interaction"": 0.9, ""multi_step_required_events"": 0.25, ""task_family"": 1.45}"
hload_231,adversarial,6.25,hard,heavy_load_construction,rigid_body_kinematics_and_coupling,hload_sling_angle_center_of_gravity,orbit,45.0,"{""causal_safety_response"": 0.8, ""coupled_motion_or_contact"": 0.95, ""motion_control"": 1.9, ""multi_entity_or_human_interaction"": 0.9, ""multi_step_required_events"": 0.25, ""task_family"": 1.45}"
hload_233,adversarial,6.25,hard,heavy_load_construction,rigid_body_kinematics_and_coupling,hload_sling_angle_center_of_gravity,orbit,45.0,"{""causal_safety_response"": 0.8, ""coupled_motion_or_contact"": 0.95, ""motion_control"": 1.9, ""multi_entity_or_human_interaction"": 0.9, ""multi_step_required_events"": 0.25, ""task_family"": 1.45}"
hload_235,adversarial,6.25,hard,heavy_load_construction,rigid_body_kinematics_and_coupling,hload_dual_crawler_crane_lift,orbit,45.0,"{""causal_safety_response"": 0.8, ""coupled_motion_or_contact"": 0.95, ""motion_control"": 1.9, ""multi_entity_or_human_interaction"": 0.9, ""multi_step_required_events"": 0.25, ""task_family"": 1.45}"
hload_236,adversarial,6.25,adversarial,heavy_load_construction,topology_mutation_and_failure,hload_ground_settlement_outrigger,dolly,1.5,"{""causal_safety_response"": 0.8, ""coupled_motion_or_contact"": 0.95, ""motion_control"": 1.8, ""multi_entity_or_human_interaction"": 0.9, ""multi_step_required_events"": 0.25, ""task_family"": 1.55}"
hload_237,adversarial,6.25,adversarial,heavy_load_construction,topology_mutation_and_failure,hload_ground_settlement_outrigger,dolly,1.5,"{""causal_safety_response"": 0.8, ""coupled_motion_or_contact"": 0.95, ""motion_control"": 1.8, ""multi_entity_or_human_interaction"": 0.9, ""multi_step_required_events"": 0.25, ""task_family"": 1.55}"
hload_239,adversarial,6.25,hard,heavy_load_construction,rigid_body_kinematics_and_coupling,hload_mining_truck_muddy_slope,orbit,45.0,"{""causal_safety_response"": 0.8, ""coupled_motion_or_contact"": 0.95, ""motion_control"": 1.9, ""multi_entity_or_human_interaction"": 0.9, ""multi_step_required_events"": 0.25, ""task_family"": 1.45}"
hload_241,medium,4.85,adversarial,heavy_load_construction,fluid_dynamics_and_thermodynamics,hload_tunnel_pipe_burst_mud_surge,static,0.0,"{""causal_safety_response"": 0.8, ""coupled_motion_or_contact"": 0.95, ""fluid_heat_or_pressure"": 1.15, ""motion_control"": 0.0, ""multi_step_required_events"": 0.25, ""task_family"": 1.7}"
hload_242,medium,4.85,adversarial,heavy_load_construction,fluid_dynamics_and_thermodynamics,hload_tunnel_pipe_burst_mud_surge,static,0.0,"{""causal_safety_response"": 0.8, ""coupled_motion_or_contact"": 0.95, ""fluid_heat_or_pressure"": 1.15, ""motion_control"": 0.0, ""multi_step_required_events"": 0.25, ""task_family"": 1.7}"
hload_244,medium,4.8,adversarial,heavy_load_construction,spatial_exploration_and_viewpoint,hload_blind_lift_spotter_view,pan,horizontal_pan_lr,"{""causal_safety_response"": 0.8, ""coupled_motion_or_contact"": 0.95, ""motion_control"": 1.0, ""multi_entity_or_human_interaction"": 0.9, ""multi_step_required_events"": 0.25, ""task_family"": 0.9}"
hload_245,medium,4.8,adversarial,heavy_load_construction,spatial_exploration_and_viewpoint,hload_blind_lift_spotter_view,pan,horizontal_pan_lr,"{""causal_safety_response"": 0.8, ""coupled_motion_or_contact"": 0.95, ""motion_control"": 1.0, ""multi_entity_or_human_interaction"": 0.9, ""multi_step_required_events"": 0.25, ""task_family"": 0.9}"
hload_248,adversarial,6.25,hard,heavy_load_construction,rigid_body_kinematics_and_coupling,hload_sling_angle_center_of_gravity,orbit,45.0,"{""causal_safety_response"": 0.8, ""coupled_motion_or_contact"": 0.95, ""motion_control"": 1.9, ""multi_entity_or_human_interaction"": 0.9, ""multi_step_required_events"": 0.25, ""task_family"": 1.45}"
hload_250,medium,4.8,adversarial,heavy_load_construction,spatial_exploration_and_viewpoint,hload_blind_lift_spotter_view,pan,horizontal_pan_lr,"{""causal_safety_response"": 0.8, ""coupled_motion_or_contact"": 0.95, ""motion_control"": 1.0, ""multi_entity_or_human_interaction"": 0.9, ""multi_step_required_events"": 0.25, ""task_family"": 0.9}"
hload_267,medium,4.8,adversarial,heavy_load_construction,spatial_exploration_and_viewpoint,hload_blind_lift_spotter_view,pan,horizontal_pan_lr,"{""causal_safety_response"": 0.8, ""coupled_motion_or_contact"": 0.95, ""motion_control"": 1.0, ""multi_entity_or_human_interaction"": 0.9, ""multi_step_required_events"": 0.25, ""task_family"": 0.9}"
hload_276,easy,3.35,adversarial,heavy_load_construction,industrial_logic_and_compliance,hload_hoist_collision_near_structure,static,0.0,"{""causal_safety_response"": 0.8, ""coupled_motion_or_contact"": 0.95, ""motion_control"": 0.0, ""multi_step_required_events"": 0.25, ""task_family"": 1.35}"
hload_277,easy,3.35,adversarial,heavy_load_construction,industrial_logic_and_compliance,hload_hoist_collision_near_structure,static,0.0,"{""causal_safety_response"": 0.8, ""coupled_motion_or_contact"": 0.95, ""motion_control"": 0.0, ""multi_step_required_events"": 0.25, ""task_family"": 1.35}"
hload_278,easy,3.35,adversarial,heavy_load_construction,industrial_logic_and_compliance,hload_hoist_collision_near_structure,static,0.0,"{""causal_safety_response"": 0.8, ""coupled_motion_or_contact"": 0.95, ""motion_control"": 0.0, ""multi_step_required_events"": 0.25, ""task_family"": 1.35}"
hload_279,easy,3.35,adversarial,heavy_load_construction,industrial_logic_and_compliance,hload_hoist_collision_near_structure,static,0.0,"{""causal_safety_response"": 0.8, ""coupled_motion_or_contact"": 0.95, ""motion_control"": 0.0, ""multi_step_required_events"": 0.25, ""task_family"": 1.35}"
hload_281,adversarial,7.25,adversarial,heavy_load_construction,topology_mutation_and_failure,hload_wire_rope_overload_snap,dolly,1.5,"{""causal_safety_response"": 0.8, ""coupled_motion_or_contact"": 0.95, ""motion_control"": 1.8, ""multi_entity_or_human_interaction"": 0.9, ""multi_step_required_events"": 0.25, ""precision_local_geometry"": 1.0, ""task_family"": 1.55}"
hload_284,adversarial,7.25,adversarial,heavy_load_construction,topology_mutation_and_failure,hload_wire_rope_overload_snap,dolly,1.5,"{""causal_safety_response"": 0.8, ""coupled_motion_or_contact"": 0.95, ""motion_control"": 1.8, ""multi_entity_or_human_interaction"": 0.9, ""multi_step_required_events"": 0.25, ""precision_local_geometry"": 1.0, ""task_family"": 1.55}"
hload_286,adversarial,7.25,adversarial,heavy_load_construction,topology_mutation_and_failure,hload_wire_rope_overload_snap,dolly,1.5,"{""causal_safety_response"": 0.8, ""coupled_motion_or_contact"": 0.95, ""motion_control"": 1.8, ""multi_entity_or_human_interaction"": 0.9, ""multi_step_required_events"": 0.25, ""precision_local_geometry"": 1.0, ""task_family"": 1.55}"
pdef_001,hard,5.55,adversarial,precision_defect_gen,topology_mutation_and_failure,pdef_pcb_solder_bridge_short,dolly,1.5,"{""coupled_motion_or_contact"": 0.95, ""motion_control"": 1.8, ""multi_step_required_events"": 0.25, ""precision_local_geometry"": 1.0, ""task_family"": 1.55}"
pdef_002,hard,5.55,adversarial,precision_defect_gen,topology_mutation_and_failure,pdef_pcb_solder_bridge_short,dolly,1.5,"{""coupled_motion_or_contact"": 0.95, ""motion_control"": 1.8, ""multi_step_required_events"": 0.25, ""precision_local_geometry"": 1.0, ""task_family"": 1.55}"
pdef_003,hard,5.55,adversarial,precision_defect_gen,topology_mutation_and_failure,pdef_pcb_solder_bridge_short,dolly,1.5,"{""coupled_motion_or_contact"": 0.95, ""motion_control"": 1.8, ""multi_step_required_events"": 0.25, ""precision_local_geometry"": 1.0, ""task_family"": 1.55}"
pdef_004,hard,5.55,adversarial,precision_defect_gen,topology_mutation_and_failure,pdef_pcb_solder_bridge_short,dolly,1.5,"{""coupled_motion_or_contact"": 0.95, ""motion_control"": 1.8, ""multi_step_required_events"": 0.25, ""precision_local_geometry"": 1.0, ""task_family"": 1.55}"
pdef_008,hard,5.55,adversarial,precision_defect_gen,topology_mutation_and_failure,pdef_pcb_solder_bridge_short,dolly,1.5,"{""coupled_motion_or_contact"": 0.95, ""motion_control"": 1.8, ""multi_step_required_events"": 0.25, ""precision_local_geometry"": 1.0, ""task_family"": 1.55}"
pdef_009,hard,5.55,adversarial,precision_defect_gen,topology_mutation_and_failure,pdef_pcb_solder_bridge_short,dolly,1.5,"{""coupled_motion_or_contact"": 0.95, ""motion_control"": 1.8, ""multi_step_required_events"": 0.25, ""precision_local_geometry"": 1.0, ""task_family"": 1.55}"
pdef_011,medium,4.65,adversarial,precision_defect_gen,spatial_exploration_and_viewpoint,pdef_engine_endoscope_crack,pan,horizontal_pan_lr,"{""coupled_motion_or_contact"": 0.95, ""motion_control"": 1.0, ""multi_step_required_events"": 0.25, ""occlusion_or_tight_framing"": 0.55, ""precision_local_geometry"": 1.0, ""task_family"": 0.9}"
pdef_012,hard,5.55,adversarial,precision_defect_gen,spatial_exploration_and_viewpoint,pdef_engine_endoscope_crack,orbit,45.0,"{""coupled_motion_or_contact"": 0.95, ""motion_control"": 1.9, ""multi_step_required_events"": 0.25, ""occlusion_or_tight_framing"": 0.55, ""precision_local_geometry"": 1.0, ""task_family"": 0.9}"
pdef_015,hard,5.55,adversarial,precision_defect_gen,spatial_exploration_and_viewpoint,pdef_engine_endoscope_crack,orbit,45.0,"{""coupled_motion_or_contact"": 0.95, ""motion_control"": 1.9, ""multi_step_required_events"": 0.25, ""occlusion_or_tight_framing"": 0.55, ""precision_local_geometry"": 1.0, ""task_family"": 0.9}"
pdef_016,hard,5.45,adversarial,precision_defect_gen,spatial_exploration_and_viewpoint,pdef_engine_endoscope_crack,dolly,1.5,"{""coupled_motion_or_contact"": 0.95, ""motion_control"": 1.8, ""multi_step_required_events"": 0.25, ""occlusion_or_tight_framing"": 0.55, ""precision_local_geometry"": 1.0, ""task_family"": 0.9}"
pdef_018,hard,5.55,adversarial,precision_defect_gen,spatial_exploration_and_viewpoint,pdef_engine_endoscope_crack,orbit,45.0,"{""coupled_motion_or_contact"": 0.95, ""motion_control"": 1.9, ""multi_step_required_events"": 0.25, ""occlusion_or_tight_framing"": 0.55, ""precision_local_geometry"": 1.0, ""task_family"": 0.9}"
pdef_021,hard,6.1,adversarial,precision_defect_gen,topology_mutation_and_failure,pdef_gear_tooth_missing_wear,dolly,1.5,"{""coupled_motion_or_contact"": 0.95, ""motion_control"": 1.8, ""multi_step_required_events"": 0.25, ""occlusion_or_tight_framing"": 0.55, ""precision_local_geometry"": 1.0, ""task_family"": 1.55}"
pdef_022,hard,6.1,adversarial,precision_defect_gen,topology_mutation_and_failure,pdef_gear_tooth_missing_wear,dolly,1.5,"{""coupled_motion_or_contact"": 0.95, ""motion_control"": 1.8, ""multi_step_required_events"": 0.25, ""occlusion_or_tight_framing"": 0.55, ""precision_local_geometry"": 1.0, ""task_family"": 1.55}"
pdef_031,medium,4.55,hard,precision_defect_gen,rigid_body_kinematics_and_coupling,pdef_cnc_curved_surface_cutting,orbit,45.0,"{""coupled_motion_or_contact"": 0.95, ""motion_control"": 1.9, ""multi_step_required_events"": 0.25, ""task_family"": 1.45}"
pdef_032,easy,3.65,hard,precision_defect_gen,rigid_body_kinematics_and_coupling,pdef_cnc_curved_surface_cutting,pan,horizontal_pan_lr,"{""coupled_motion_or_contact"": 0.95, ""motion_control"": 1.0, ""multi_step_required_events"": 0.25, ""task_family"": 1.45}"
pdef_036,easy,3.65,hard,precision_defect_gen,rigid_body_kinematics_and_coupling,pdef_cnc_curved_surface_cutting,pan,horizontal_pan_lr,"{""coupled_motion_or_contact"": 0.95, ""motion_control"": 1.0, ""multi_step_required_events"": 0.25, ""task_family"": 1.45}"
pdef_041,medium,4.85,adversarial,precision_defect_gen,fluid_dynamics_and_thermodynamics,pdef_cutting_fluid_spray,static,0.0,"{""causal_safety_response"": 0.8, ""coupled_motion_or_contact"": 0.95, ""fluid_heat_or_pressure"": 1.15, ""motion_control"": 0.0, ""multi_step_required_events"": 0.25, ""task_family"": 1.7}"
pdef_042,hard,5.85,adversarial,precision_defect_gen,fluid_dynamics_and_thermodynamics,pdef_cutting_fluid_spray,pan,horizontal_pan_lr,"{""causal_safety_response"": 0.8, ""coupled_motion_or_contact"": 0.95, ""fluid_heat_or_pressure"": 1.15, ""motion_control"": 1.0, ""multi_step_required_events"": 0.25, ""task_family"": 1.7}"
pdef_043,medium,4.85,adversarial,precision_defect_gen,fluid_dynamics_and_thermodynamics,pdef_cutting_fluid_spray,static,0.0,"{""causal_safety_response"": 0.8, ""coupled_motion_or_contact"": 0.95, ""fluid_heat_or_pressure"": 1.15, ""motion_control"": 0.0, ""multi_step_required_events"": 0.25, ""task_family"": 1.7}"
pdef_044,hard,5.85,adversarial,precision_defect_gen,fluid_dynamics_and_thermodynamics,pdef_cutting_fluid_spray,pan,horizontal_pan_lr,"{""causal_safety_response"": 0.8, ""coupled_motion_or_contact"": 0.95, ""fluid_heat_or_pressure"": 1.15, ""motion_control"": 1.0, ""multi_step_required_events"": 0.25, ""task_family"": 1.7}"
pdef_045,medium,4.85,adversarial,precision_defect_gen,fluid_dynamics_and_thermodynamics,pdef_cutting_fluid_spray,static,0.0,"{""causal_safety_response"": 0.8, ""coupled_motion_or_contact"": 0.95, ""fluid_heat_or_pressure"": 1.15, ""motion_control"": 0.0, ""multi_step_required_events"": 0.25, ""task_family"": 1.7}"
pdef_047,medium,4.85,adversarial,precision_defect_gen,fluid_dynamics_and_thermodynamics,pdef_cutting_fluid_spray,static,0.0,"{""causal_safety_response"": 0.8, ""coupled_motion_or_contact"": 0.95, ""fluid_heat_or_pressure"": 1.15, ""motion_control"": 0.0, ""multi_step_required_events"": 0.25, ""task_family"": 1.7}"
pdef_051,hard,6.1,adversarial,precision_defect_gen,topology_mutation_and_failure,pdef_weld_porosity_crack,dolly,1.5,"{""coupled_motion_or_contact"": 0.95, ""motion_control"": 1.8, ""multi_step_required_events"": 0.25, ""occlusion_or_tight_framing"": 0.55, ""precision_local_geometry"": 1.0, ""task_family"": 1.55}"
pdef_052,hard,6.1,adversarial,precision_defect_gen,topology_mutation_and_failure,pdef_weld_porosity_crack,dolly,1.5,"{""coupled_motion_or_contact"": 0.95, ""motion_control"": 1.8, ""multi_step_required_events"": 0.25, ""occlusion_or_tight_framing"": 0.55, ""precision_local_geometry"": 1.0, ""task_family"": 1.55}"
pdef_053,hard,6.1,adversarial,precision_defect_gen,topology_mutation_and_failure,pdef_weld_porosity_crack,dolly,1.5,"{""coupled_motion_or_contact"": 0.95, ""motion_control"": 1.8, ""multi_step_required_events"": 0.25, ""occlusion_or_tight_framing"": 0.55, ""precision_local_geometry"": 1.0, ""task_family"": 1.55}"
pdef_054,hard,6.1,adversarial,precision_defect_gen,topology_mutation_and_failure,pdef_weld_porosity_crack,dolly,1.5,"{""coupled_motion_or_contact"": 0.95, ""motion_control"": 1.8, ""multi_step_required_events"": 0.25, ""occlusion_or_tight_framing"": 0.55, ""precision_local_geometry"": 1.0, ""task_family"": 1.55}"
pdef_056,hard,6.1,adversarial,precision_defect_gen,topology_mutation_and_failure,pdef_weld_porosity_crack,dolly,1.5,"{""coupled_motion_or_contact"": 0.95, ""motion_control"": 1.8, ""multi_step_required_events"": 0.25, ""occlusion_or_tight_framing"": 0.55, ""precision_local_geometry"": 1.0, ""task_family"": 1.55}"
pdef_057,hard,6.1,adversarial,precision_defect_gen,topology_mutation_and_failure,pdef_weld_porosity_crack,dolly,1.5,"{""coupled_motion_or_contact"": 0.95, ""motion_control"": 1.8, ""multi_step_required_events"": 0.25, ""occlusion_or_tight_framing"": 0.55, ""precision_local_geometry"": 1.0, ""task_family"": 1.55}"
pdef_058,hard,6.1,adversarial,precision_defect_gen,topology_mutation_and_failure,pdef_weld_porosity_crack,dolly,1.5,"{""coupled_motion_or_contact"": 0.95, ""motion_control"": 1.8, ""multi_step_required_events"": 0.25, ""occlusion_or_tight_framing"": 0.55, ""precision_local_geometry"": 1.0, ""task_family"": 1.55}"
pdef_061,hard,5.55,adversarial,precision_defect_gen,topology_mutation_and_failure,pdef_surface_scratch_inspection,dolly,1.5,"{""coupled_motion_or_contact"": 0.95, ""motion_control"": 1.8, ""multi_step_required_events"": 0.25, ""precision_local_geometry"": 1.0, ""task_family"": 1.55}"
pdef_062,hard,5.55,adversarial,precision_defect_gen,topology_mutation_and_failure,pdef_surface_scratch_inspection,dolly,1.5,"{""coupled_motion_or_contact"": 0.95, ""motion_control"": 1.8, ""multi_step_required_events"": 0.25, ""precision_local_geometry"": 1.0, ""task_family"": 1.55}"
pdef_063,hard,5.55,adversarial,precision_defect_gen,topology_mutation_and_failure,pdef_surface_scratch_inspection,dolly,1.5,"{""coupled_motion_or_contact"": 0.95, ""motion_control"": 1.8, ""multi_step_required_events"": 0.25, ""precision_local_geometry"": 1.0, ""task_family"": 1.55}"
pdef_064,hard,5.55,adversarial,precision_defect_gen,topology_mutation_and_failure,pdef_surface_scratch_inspection,dolly,1.5,"{""coupled_motion_or_contact"": 0.95, ""motion_control"": 1.8, ""multi_step_required_events"": 0.25, ""precision_local_geometry"": 1.0, ""task_family"": 1.55}"
pdef_065,hard,5.55,adversarial,precision_defect_gen,topology_mutation_and_failure,pdef_surface_scratch_inspection,dolly,1.5,"{""coupled_motion_or_contact"": 0.95, ""motion_control"": 1.8, ""multi_step_required_events"": 0.25, ""precision_local_geometry"": 1.0, ""task_family"": 1.55}"
pdef_066,hard,5.55,adversarial,precision_defect_gen,topology_mutation_and_failure,pdef_surface_scratch_inspection,dolly,1.5,"{""coupled_motion_or_contact"": 0.95, ""motion_control"": 1.8, ""multi_step_required_events"": 0.25, ""precision_local_geometry"": 1.0, ""task_family"": 1.55}"
pdef_067,hard,5.55,adversarial,precision_defect_gen,topology_mutation_and_failure,pdef_surface_scratch_inspection,dolly,1.5,"{""coupled_motion_or_contact"": 0.95, ""motion_control"": 1.8, ""multi_step_required_events"": 0.25, ""precision_local_geometry"": 1.0, ""task_family"": 1.55}"
pdef_068,hard,5.55,adversarial,precision_defect_gen,topology_mutation_and_failure,pdef_surface_scratch_inspection,dolly,1.5,"{""coupled_motion_or_contact"": 0.95, ""motion_control"": 1.8, ""multi_step_required_events"": 0.25, ""precision_local_geometry"": 1.0, ""task_family"": 1.55}"
pdef_071,easy,3.65,adversarial,precision_defect_gen,spatial_exploration_and_viewpoint,pdef_tube_bundle_endoscopy,pan,horizontal_pan_lr,"{""coupled_motion_or_contact"": 0.95, ""motion_control"": 1.0, ""multi_step_required_events"": 0.25, ""occlusion_or_tight_framing"": 0.55, ""task_family"": 0.9}"
pdef_072,medium,4.55,adversarial,precision_defect_gen,spatial_exploration_and_viewpoint,pdef_tube_bundle_endoscopy,orbit,45.0,"{""coupled_motion_or_contact"": 0.95, ""motion_control"": 1.9, ""multi_step_required_events"": 0.25, ""occlusion_or_tight_framing"": 0.55, ""task_family"": 0.9}"
pdef_074,easy,3.65,adversarial,precision_defect_gen,spatial_exploration_and_viewpoint,pdef_tube_bundle_endoscopy,pan,horizontal_pan_lr,"{""coupled_motion_or_contact"": 0.95, ""motion_control"": 1.0, ""multi_step_required_events"": 0.25, ""occlusion_or_tight_framing"": 0.55, ""task_family"": 0.9}"
pdef_075,medium,4.55,adversarial,precision_defect_gen,spatial_exploration_and_viewpoint,pdef_tube_bundle_endoscopy,orbit,45.0,"{""coupled_motion_or_contact"": 0.95, ""motion_control"": 1.9, ""multi_step_required_events"": 0.25, ""occlusion_or_tight_framing"": 0.55, ""task_family"": 0.9}"
pdef_076,medium,4.45,adversarial,precision_defect_gen,spatial_exploration_and_viewpoint,pdef_tube_bundle_endoscopy,dolly,1.5,"{""coupled_motion_or_contact"": 0.95, ""motion_control"": 1.8, ""multi_step_required_events"": 0.25, ""occlusion_or_tight_framing"": 0.55, ""task_family"": 0.9}"
pdef_077,easy,3.65,adversarial,precision_defect_gen,spatial_exploration_and_viewpoint,pdef_tube_bundle_endoscopy,pan,horizontal_pan_lr,"{""coupled_motion_or_contact"": 0.95, ""motion_control"": 1.0, ""multi_step_required_events"": 0.25, ""occlusion_or_tight_framing"": 0.55, ""task_family"": 0.9}"
pdef_081,hard,6.1,adversarial,precision_defect_gen,topology_mutation_and_failure,pdef_connector_pin_bent,dolly,1.5,"{""coupled_motion_or_contact"": 0.95, ""motion_control"": 1.8, ""multi_step_required_events"": 0.25, ""occlusion_or_tight_framing"": 0.55, ""precision_local_geometry"": 1.0, ""task_family"": 1.55}"
pdef_086,hard,6.1,adversarial,precision_defect_gen,topology_mutation_and_failure,pdef_connector_pin_bent,dolly,1.5,"{""coupled_motion_or_contact"": 0.95, ""motion_control"": 1.8, ""multi_step_required_events"": 0.25, ""occlusion_or_tight_framing"": 0.55, ""precision_local_geometry"": 1.0, ""task_family"": 1.55}"
pdef_087,hard,6.1,adversarial,precision_defect_gen,topology_mutation_and_failure,pdef_connector_pin_bent,dolly,1.5,"{""coupled_motion_or_contact"": 0.95, ""motion_control"": 1.8, ""multi_step_required_events"": 0.25, ""occlusion_or_tight_framing"": 0.55, ""precision_local_geometry"": 1.0, ""task_family"": 1.55}"
pdef_091,medium,4.55,hard,precision_defect_gen,rigid_body_kinematics_and_coupling,pdef_precision_assembly_misalignment,orbit,45.0,"{""coupled_motion_or_contact"": 0.95, ""motion_control"": 1.9, ""multi_step_required_events"": 0.25, ""task_family"": 1.45}"
pdef_092,easy,3.65,hard,precision_defect_gen,rigid_body_kinematics_and_coupling,pdef_precision_assembly_misalignment,pan,horizontal_pan_lr,"{""coupled_motion_or_contact"": 0.95, ""motion_control"": 1.0, ""multi_step_required_events"": 0.25, ""task_family"": 1.45}"
pdef_093,medium,4.55,hard,precision_defect_gen,rigid_body_kinematics_and_coupling,pdef_precision_assembly_misalignment,orbit,45.0,"{""coupled_motion_or_contact"": 0.95, ""motion_control"": 1.9, ""multi_step_required_events"": 0.25, ""task_family"": 1.45}"
pdef_094,easy,3.65,hard,precision_defect_gen,rigid_body_kinematics_and_coupling,pdef_precision_assembly_misalignment,pan,horizontal_pan_lr,"{""coupled_motion_or_contact"": 0.95, ""motion_control"": 1.0, ""multi_step_required_events"": 0.25, ""task_family"": 1.45}"
pdef_096,easy,3.65,hard,precision_defect_gen,rigid_body_kinematics_and_coupling,pdef_precision_assembly_misalignment,pan,horizontal_pan_lr,"{""coupled_motion_or_contact"": 0.95, ""motion_control"": 1.0, ""multi_step_required_events"": 0.25, ""task_family"": 1.45}"
pdef_101,medium,4.55,hard,precision_defect_gen,rigid_body_kinematics_and_coupling,pdef_cnc_curved_surface_cutting,orbit,45.0,"{""coupled_motion_or_contact"": 0.95, ""motion_control"": 1.9, ""multi_step_required_events"": 0.25, ""task_family"": 1.45}"
pdef_107,medium,4.55,hard,precision_defect_gen,rigid_body_kinematics_and_coupling,pdef_cnc_curved_surface_cutting,orbit,45.0,"{""coupled_motion_or_contact"": 0.95, ""motion_control"": 1.9, ""multi_step_required_events"": 0.25, ""task_family"": 1.45}"
pdef_108,easy,3.1,adversarial,precision_defect_gen,spatial_exploration_and_viewpoint,pdef_gauge_level_valve_anomaly,pan,horizontal_pan_lr,"{""coupled_motion_or_contact"": 0.95, ""motion_control"": 1.0, ""multi_step_required_events"": 0.25, ""task_family"": 0.9}"
pdef_118,adversarial,6.7,adversarial,precision_defect_gen,topology_mutation_and_failure,pdef_flange_seal_micro_leak,dolly,1.5,"{""coupled_motion_or_contact"": 0.95, ""fluid_heat_or_pressure"": 1.15, ""motion_control"": 1.8, ""multi_step_required_events"": 0.25, ""precision_local_geometry"": 1.0, ""task_family"": 1.55}"
pdef_128,medium,4.55,hard,precision_defect_gen,rigid_body_kinematics_and_coupling,pdef_cnc_curved_surface_cutting,orbit,45.0,"{""coupled_motion_or_contact"": 0.95, ""motion_control"": 1.9, ""multi_step_required_events"": 0.25, ""task_family"": 1.45}"
pdef_129,medium,4.55,hard,precision_defect_gen,rigid_body_kinematics_and_coupling,pdef_cnc_curved_surface_cutting,orbit,45.0,"{""coupled_motion_or_contact"": 0.95, ""motion_control"": 1.9, ""multi_step_required_events"": 0.25, ""task_family"": 1.45}"
pdef_130,medium,4.55,hard,precision_defect_gen,rigid_body_kinematics_and_coupling,pdef_cnc_curved_surface_cutting,orbit,45.0,"{""coupled_motion_or_contact"": 0.95, ""motion_control"": 1.9, ""multi_step_required_events"": 0.25, ""task_family"": 1.45}"
pdef_131,hard,6.1,adversarial,precision_defect_gen,topology_mutation_and_failure,pdef_connector_pin_bent,dolly,1.5,"{""coupled_motion_or_contact"": 0.95, ""motion_control"": 1.8, ""multi_step_required_events"": 0.25, ""occlusion_or_tight_framing"": 0.55, ""precision_local_geometry"": 1.0, ""task_family"": 1.55}"
pdef_134,medium,4.65,adversarial,precision_defect_gen,spatial_exploration_and_viewpoint,pdef_engine_endoscope_crack,pan,horizontal_pan_lr,"{""coupled_motion_or_contact"": 0.95, ""motion_control"": 1.0, ""multi_step_required_events"": 0.25, ""occlusion_or_tight_framing"": 0.55, ""precision_local_geometry"": 1.0, ""task_family"": 0.9}"
pdef_136,medium,4.65,adversarial,precision_defect_gen,spatial_exploration_and_viewpoint,pdef_engine_endoscope_crack,pan,horizontal_pan_lr,"{""coupled_motion_or_contact"": 0.95, ""motion_control"": 1.0, ""multi_step_required_events"": 0.25, ""occlusion_or_tight_framing"": 0.55, ""precision_local_geometry"": 1.0, ""task_family"": 0.9}"
pdef_137,easy,3.1,adversarial,precision_defect_gen,spatial_exploration_and_viewpoint,pdef_gauge_level_valve_anomaly,pan,horizontal_pan_lr,"{""coupled_motion_or_contact"": 0.95, ""motion_control"": 1.0, ""multi_step_required_events"": 0.25, ""task_family"": 0.9}"
pdef_140,hard,5.55,adversarial,precision_defect_gen,topology_mutation_and_failure,pdef_pcb_solder_bridge_short,dolly,1.5,"{""coupled_motion_or_contact"": 0.95, ""motion_control"": 1.8, ""multi_step_required_events"": 0.25, ""precision_local_geometry"": 1.0, ""task_family"": 1.55}"
pdef_142,hard,6.1,adversarial,precision_defect_gen,topology_mutation_and_failure,pdef_connector_pin_bent,dolly,1.5,"{""coupled_motion_or_contact"": 0.95, ""motion_control"": 1.8, ""multi_step_required_events"": 0.25, ""occlusion_or_tight_framing"": 0.55, ""precision_local_geometry"": 1.0, ""task_family"": 1.55}"
pdef_143,hard,6.1,adversarial,precision_defect_gen,topology_mutation_and_failure,pdef_connector_pin_bent,dolly,1.5,"{""coupled_motion_or_contact"": 0.95, ""motion_control"": 1.8, ""multi_step_required_events"": 0.25, ""occlusion_or_tight_framing"": 0.55, ""precision_local_geometry"": 1.0, ""task_family"": 1.55}"
pdef_144,easy,3.1,adversarial,precision_defect_gen,spatial_exploration_and_viewpoint,pdef_gauge_level_valve_anomaly,pan,horizontal_pan_lr,"{""coupled_motion_or_contact"": 0.95, ""motion_control"": 1.0, ""multi_step_required_events"": 0.25, ""task_family"": 0.9}"
pdef_145,easy,3.1,adversarial,precision_defect_gen,spatial_exploration_and_viewpoint,pdef_gauge_level_valve_anomaly,pan,horizontal_pan_lr,"{""coupled_motion_or_contact"": 0.95, ""motion_control"": 1.0, ""multi_step_required_events"": 0.25, ""task_family"": 0.9}"
pdef_147,hard,6.1,adversarial,precision_defect_gen,topology_mutation_and_failure,pdef_connector_pin_bent,dolly,1.5,"{""coupled_motion_or_contact"": 0.95, ""motion_control"": 1.8, ""multi_step_required_events"": 0.25, ""occlusion_or_tight_framing"": 0.55, ""precision_local_geometry"": 1.0, ""task_family"": 1.55}"
pdef_148,hard,6.1,adversarial,precision_defect_gen,topology_mutation_and_failure,pdef_connector_pin_bent,dolly,1.5,"{""coupled_motion_or_contact"": 0.95, ""motion_control"": 1.8, ""multi_step_required_events"": 0.25, ""occlusion_or_tight_framing"": 0.55, ""precision_local_geometry"": 1.0, ""task_family"": 1.55}"
pdef_150,easy,3.1,adversarial,precision_defect_gen,spatial_exploration_and_viewpoint,pdef_gauge_level_valve_anomaly,pan,horizontal_pan_lr,"{""coupled_motion_or_contact"": 0.95, ""motion_control"": 1.0, ""multi_step_required_events"": 0.25, ""task_family"": 0.9}"
pdef_151,easy,3.1,adversarial,precision_defect_gen,spatial_exploration_and_viewpoint,pdef_gauge_level_valve_anomaly,pan,horizontal_pan_lr,"{""coupled_motion_or_contact"": 0.95, ""motion_control"": 1.0, ""multi_step_required_events"": 0.25, ""task_family"": 0.9}"
pdef_153,adversarial,6.7,adversarial,precision_defect_gen,topology_mutation_and_failure,pdef_flange_seal_micro_leak,dolly,1.5,"{""coupled_motion_or_contact"": 0.95, ""fluid_heat_or_pressure"": 1.15, ""motion_control"": 1.8, ""multi_step_required_events"": 0.25, ""precision_local_geometry"": 1.0, ""task_family"": 1.55}"
pdef_154,adversarial,6.7,adversarial,precision_defect_gen,topology_mutation_and_failure,pdef_flange_seal_micro_leak,dolly,1.5,"{""coupled_motion_or_contact"": 0.95, ""fluid_heat_or_pressure"": 1.15, ""motion_control"": 1.8, ""multi_step_required_events"": 0.25, ""precision_local_geometry"": 1.0, ""task_family"": 1.55}"
pdef_156,medium,4.55,hard,precision_defect_gen,rigid_body_kinematics_and_coupling,pdef_precision_assembly_misalignment,orbit,45.0,"{""coupled_motion_or_contact"": 0.95, ""motion_control"": 1.9, ""multi_step_required_events"": 0.25, ""task_family"": 1.45}"
pdef_157,medium,4.55,hard,precision_defect_gen,rigid_body_kinematics_and_coupling,pdef_precision_assembly_misalignment,orbit,45.0,"{""coupled_motion_or_contact"": 0.95, ""motion_control"": 1.9, ""multi_step_required_events"": 0.25, ""task_family"": 1.45}"
pdef_159,easy,3.65,adversarial,precision_defect_gen,spatial_exploration_and_viewpoint,pdef_tube_bundle_endoscopy,pan,horizontal_pan_lr,"{""coupled_motion_or_contact"": 0.95, ""motion_control"": 1.0, ""multi_step_required_events"": 0.25, ""occlusion_or_tight_framing"": 0.55, ""task_family"": 0.9}"
pdef_164,medium,4.85,adversarial,precision_defect_gen,fluid_dynamics_and_thermodynamics,pdef_cutting_fluid_spray,static,0.0,"{""causal_safety_response"": 0.8, ""coupled_motion_or_contact"": 0.95, ""fluid_heat_or_pressure"": 1.15, ""motion_control"": 0.0, ""multi_step_required_events"": 0.25, ""task_family"": 1.7}"
pdef_165,medium,4.85,adversarial,precision_defect_gen,fluid_dynamics_and_thermodynamics,pdef_cutting_fluid_spray,static,0.0,"{""causal_safety_response"": 0.8, ""coupled_motion_or_contact"": 0.95, ""fluid_heat_or_pressure"": 1.15, ""motion_control"": 0.0, ""multi_step_required_events"": 0.25, ""task_family"": 1.7}"
pdef_166,medium,4.85,adversarial,precision_defect_gen,fluid_dynamics_and_thermodynamics,pdef_cutting_fluid_spray,static,0.0,"{""causal_safety_response"": 0.8, ""coupled_motion_or_contact"": 0.95, ""fluid_heat_or_pressure"": 1.15, ""motion_control"": 0.0, ""multi_step_required_events"": 0.25, ""task_family"": 1.7}"
pdef_175,medium,4.65,adversarial,precision_defect_gen,spatial_exploration_and_viewpoint,pdef_engine_endoscope_crack,pan,horizontal_pan_lr,"{""coupled_motion_or_contact"": 0.95, ""motion_control"": 1.0, ""multi_step_required_events"": 0.25, ""occlusion_or_tight_framing"": 0.55, ""precision_local_geometry"": 1.0, ""task_family"": 0.9}"
pdef_176,medium,4.65,adversarial,precision_defect_gen,spatial_exploration_and_viewpoint,pdef_engine_endoscope_crack,pan,horizontal_pan_lr,"{""coupled_motion_or_contact"": 0.95, ""motion_control"": 1.0, ""multi_step_required_events"": 0.25, ""occlusion_or_tight_framing"": 0.55, ""precision_local_geometry"": 1.0, ""task_family"": 0.9}"
pdef_181,adversarial,6.7,adversarial,precision_defect_gen,topology_mutation_and_failure,pdef_flange_seal_micro_leak,dolly,1.5,"{""coupled_motion_or_contact"": 0.95, ""fluid_heat_or_pressure"": 1.15, ""motion_control"": 1.8, ""multi_step_required_events"": 0.25, ""precision_local_geometry"": 1.0, ""task_family"": 1.55}"
pdef_183,adversarial,6.7,adversarial,precision_defect_gen,topology_mutation_and_failure,pdef_flange_seal_micro_leak,dolly,1.5,"{""coupled_motion_or_contact"": 0.95, ""fluid_heat_or_pressure"": 1.15, ""motion_control"": 1.8, ""multi_step_required_events"": 0.25, ""precision_local_geometry"": 1.0, ""task_family"": 1.55}"
pdef_184,adversarial,6.7,adversarial,precision_defect_gen,topology_mutation_and_failure,pdef_flange_seal_micro_leak,dolly,1.5,"{""coupled_motion_or_contact"": 0.95, ""fluid_heat_or_pressure"": 1.15, ""motion_control"": 1.8, ""multi_step_required_events"": 0.25, ""precision_local_geometry"": 1.0, ""task_family"": 1.55}"
pdef_185,adversarial,6.7,adversarial,precision_defect_gen,topology_mutation_and_failure,pdef_flange_seal_micro_leak,dolly,1.5,"{""coupled_motion_or_contact"": 0.95, ""fluid_heat_or_pressure"": 1.15, ""motion_control"": 1.8, ""multi_step_required_events"": 0.25, ""precision_local_geometry"": 1.0, ""task_family"": 1.55}"
pdef_186,adversarial,6.7,adversarial,precision_defect_gen,topology_mutation_and_failure,pdef_flange_seal_micro_leak,dolly,1.5,"{""coupled_motion_or_contact"": 0.95, ""fluid_heat_or_pressure"": 1.15, ""motion_control"": 1.8, ""multi_step_required_events"": 0.25, ""precision_local_geometry"": 1.0, ""task_family"": 1.55}"
pdef_191,easy,3.1,adversarial,precision_defect_gen,spatial_exploration_and_viewpoint,pdef_gauge_level_valve_anomaly,pan,horizontal_pan_lr,"{""coupled_motion_or_contact"": 0.95, ""motion_control"": 1.0, ""multi_step_required_events"": 0.25, ""task_family"": 0.9}"
pdef_192,easy,3.1,adversarial,precision_defect_gen,spatial_exploration_and_viewpoint,pdef_gauge_level_valve_anomaly,pan,horizontal_pan_lr,"{""coupled_motion_or_contact"": 0.95, ""motion_control"": 1.0, ""multi_step_required_events"": 0.25, ""task_family"": 0.9}"
pdef_196,hard,6.1,adversarial,precision_defect_gen,topology_mutation_and_failure,pdef_gear_tooth_missing_wear,dolly,1.5,"{""coupled_motion_or_contact"": 0.95, ""motion_control"": 1.8, ""multi_step_required_events"": 0.25, ""occlusion_or_tight_framing"": 0.55, ""precision_local_geometry"": 1.0, ""task_family"": 1.55}"
pdef_197,hard,6.1,adversarial,precision_defect_gen,topology_mutation_and_failure,pdef_gear_tooth_missing_wear,dolly,1.5,"{""coupled_motion_or_contact"": 0.95, ""motion_control"": 1.8, ""multi_step_required_events"": 0.25, ""occlusion_or_tight_framing"": 0.55, ""precision_local_geometry"": 1.0, ""task_family"": 1.55}"
pdef_201,hard,6.1,adversarial,precision_defect_gen,topology_mutation_and_failure,pdef_gear_tooth_missing_wear,dolly,1.5,"{""coupled_motion_or_contact"": 0.95, ""motion_control"": 1.8, ""multi_step_required_events"": 0.25, ""occlusion_or_tight_framing"": 0.55, ""precision_local_geometry"": 1.0, ""task_family"": 1.55}"
pdef_202,adversarial,6.1,adversarial,precision_defect_gen,topology_mutation_and_failure,pdef_gear_tooth_missing_wear,dolly,1.5,"{""coupled_motion_or_contact"": 0.95, ""motion_control"": 1.8, ""multi_step_required_events"": 0.25, ""occlusion_or_tight_framing"": 0.55, ""precision_local_geometry"": 1.0, ""task_family"": 1.55}"
pdef_204,adversarial,6.1,adversarial,precision_defect_gen,topology_mutation_and_failure,pdef_gear_tooth_missing_wear,dolly,1.5,"{""coupled_motion_or_contact"": 0.95, ""motion_control"": 1.8, ""multi_step_required_events"": 0.25, ""occlusion_or_tight_framing"": 0.55, ""precision_local_geometry"": 1.0, ""task_family"": 1.55}"
pdef_205,adversarial,6.1,adversarial,precision_defect_gen,topology_mutation_and_failure,pdef_gear_tooth_missing_wear,dolly,1.5,"{""coupled_motion_or_contact"": 0.95, ""motion_control"": 1.8, ""multi_step_required_events"": 0.25, ""occlusion_or_tight_framing"": 0.55, ""precision_local_geometry"": 1.0, ""task_family"": 1.55}"
pdef_209,hard,5.55,adversarial,precision_defect_gen,topology_mutation_and_failure,pdef_pcb_solder_bridge_short,dolly,1.5,"{""coupled_motion_or_contact"": 0.95, ""motion_control"": 1.8, ""multi_step_required_events"": 0.25, ""precision_local_geometry"": 1.0, ""task_family"": 1.55}"
pdef_210,hard,5.55,adversarial,precision_defect_gen,topology_mutation_and_failure,pdef_pcb_solder_bridge_short,dolly,1.5,"{""coupled_motion_or_contact"": 0.95, ""motion_control"": 1.8, ""multi_step_required_events"": 0.25, ""precision_local_geometry"": 1.0, ""task_family"": 1.55}"
pdef_211,medium,4.55,hard,precision_defect_gen,rigid_body_kinematics_and_coupling,pdef_precision_assembly_misalignment,orbit,45.0,"{""coupled_motion_or_contact"": 0.95, ""motion_control"": 1.9, ""multi_step_required_events"": 0.25, ""task_family"": 1.45}"
pdef_216,easy,3.65,adversarial,precision_defect_gen,spatial_exploration_and_viewpoint,pdef_tube_bundle_endoscopy,pan,horizontal_pan_lr,"{""coupled_motion_or_contact"": 0.95, ""motion_control"": 1.0, ""multi_step_required_events"": 0.25, ""occlusion_or_tight_framing"": 0.55, ""task_family"": 0.9}"
pdef_217,easy,3.65,adversarial,precision_defect_gen,spatial_exploration_and_viewpoint,pdef_tube_bundle_endoscopy,pan,horizontal_pan_lr,"{""coupled_motion_or_contact"": 0.95, ""motion_control"": 1.0, ""multi_step_required_events"": 0.25, ""occlusion_or_tight_framing"": 0.55, ""task_family"": 0.9}"
pdef_226,adversarial,6.1,adversarial,precision_defect_gen,topology_mutation_and_failure,pdef_weld_porosity_crack,dolly,1.5,"{""coupled_motion_or_contact"": 0.95, ""motion_control"": 1.8, ""multi_step_required_events"": 0.25, ""occlusion_or_tight_framing"": 0.55, ""precision_local_geometry"": 1.0, ""task_family"": 1.55}"
vsec_001,easy,4.25,adversarial,visual_security,industrial_logic_and_compliance,vsec_unregistered_vehicle_intrusion,static,0.0,"{""causal_safety_response"": 0.8, ""coupled_motion_or_contact"": 0.95, ""motion_control"": 0.0, ""multi_entity_or_human_interaction"": 0.9, ""multi_step_required_events"": 0.25, ""task_family"": 1.35}"
vsec_002,easy,4.25,adversarial,visual_security,industrial_logic_and_compliance,vsec_unregistered_vehicle_intrusion,static,0.0,"{""causal_safety_response"": 0.8, ""coupled_motion_or_contact"": 0.95, ""motion_control"": 0.0, ""multi_entity_or_human_interaction"": 0.9, ""multi_step_required_events"": 0.25, ""task_family"": 1.35}"
vsec_003,easy,4.25,adversarial,visual_security,industrial_logic_and_compliance,vsec_unregistered_vehicle_intrusion,static,0.0,"{""causal_safety_response"": 0.8, ""coupled_motion_or_contact"": 0.95, ""motion_control"": 0.0, ""multi_entity_or_human_interaction"": 0.9, ""multi_step_required_events"": 0.25, ""task_family"": 1.35}"
vsec_004,easy,4.25,adversarial,visual_security,industrial_logic_and_compliance,vsec_unregistered_vehicle_intrusion,static,0.0,"{""causal_safety_response"": 0.8, ""coupled_motion_or_contact"": 0.95, ""motion_control"": 0.0, ""multi_entity_or_human_interaction"": 0.9, ""multi_step_required_events"": 0.25, ""task_family"": 1.35}"
vsec_005,easy,4.25,adversarial,visual_security,industrial_logic_and_compliance,vsec_unregistered_vehicle_intrusion,static,0.0,"{""causal_safety_response"": 0.8, ""coupled_motion_or_contact"": 0.95, ""motion_control"": 0.0, ""multi_entity_or_human_interaction"": 0.9, ""multi_step_required_events"": 0.25, ""task_family"": 1.35}"
vsec_011,easy,4.25,adversarial,visual_security,industrial_logic_and_compliance,vsec_missing_ppe_at_height,static,0.0,"{""causal_safety_response"": 0.8, ""coupled_motion_or_contact"": 0.95, ""motion_control"": 0.0, ""multi_entity_or_human_interaction"": 0.9, ""multi_step_required_events"": 0.25, ""task_family"": 1.35}"
vsec_012,easy,4.25,adversarial,visual_security,industrial_logic_and_compliance,vsec_missing_ppe_at_height,static,0.0,"{""causal_safety_response"": 0.8, ""coupled_motion_or_contact"": 0.95, ""motion_control"": 0.0, ""multi_entity_or_human_interaction"": 0.9, ""multi_step_required_events"": 0.25, ""task_family"": 1.35}"
vsec_014,easy,4.25,adversarial,visual_security,industrial_logic_and_compliance,vsec_missing_ppe_at_height,static,0.0,"{""causal_safety_response"": 0.8, ""coupled_motion_or_contact"": 0.95, ""motion_control"": 0.0, ""multi_entity_or_human_interaction"": 0.9, ""multi_step_required_events"": 0.25, ""task_family"": 1.35}"
vsec_021,adversarial,6.25,hard,visual_security,rigid_body_kinematics_and_coupling,vsec_forklift_overspeed_pallet_shift,orbit,45.0,"{""causal_safety_response"": 0.8, ""coupled_motion_or_contact"": 0.95, ""motion_control"": 1.9, ""multi_entity_or_human_interaction"": 0.9, ""multi_step_required_events"": 0.25, ""task_family"": 1.45}"
vsec_022,hard,5.35,hard,visual_security,rigid_body_kinematics_and_coupling,vsec_forklift_overspeed_pallet_shift,pan,horizontal_pan_lr,"{""causal_safety_response"": 0.8, ""coupled_motion_or_contact"": 0.95, ""motion_control"": 1.0, ""multi_entity_or_human_interaction"": 0.9, ""multi_step_required_events"": 0.25, ""task_family"": 1.45}"
vsec_023,adversarial,6.25,hard,visual_security,rigid_body_kinematics_and_coupling,vsec_forklift_overspeed_pallet_shift,orbit,45.0,"{""causal_safety_response"": 0.8, ""coupled_motion_or_contact"": 0.95, ""motion_control"": 1.9, ""multi_entity_or_human_interaction"": 0.9, ""multi_step_required_events"": 0.25, ""task_family"": 1.45}"
vsec_028,hard,5.35,hard,visual_security,rigid_body_kinematics_and_coupling,vsec_forklift_overspeed_pallet_shift,pan,horizontal_pan_lr,"{""causal_safety_response"": 0.8, ""coupled_motion_or_contact"": 0.95, ""motion_control"": 1.0, ""multi_entity_or_human_interaction"": 0.9, ""multi_step_required_events"": 0.25, ""task_family"": 1.45}"
vsec_029,adversarial,6.25,hard,visual_security,rigid_body_kinematics_and_coupling,vsec_forklift_overspeed_pallet_shift,orbit,45.0,"{""causal_safety_response"": 0.8, ""coupled_motion_or_contact"": 0.95, ""motion_control"": 1.9, ""multi_entity_or_human_interaction"": 0.9, ""multi_step_required_events"": 0.25, ""task_family"": 1.45}"
vsec_030,hard,5.35,hard,visual_security,rigid_body_kinematics_and_coupling,vsec_forklift_overspeed_pallet_shift,pan,horizontal_pan_lr,"{""causal_safety_response"": 0.8, ""coupled_motion_or_contact"": 0.95, ""motion_control"": 1.0, ""multi_entity_or_human_interaction"": 0.9, ""multi_step_required_events"": 0.25, ""task_family"": 1.45}"
vsec_031,adversarial,6.8,hard,visual_security,rigid_body_kinematics_and_coupling,vsec_crane_unsafe_swing_near_people,orbit,45.0,"{""causal_safety_response"": 0.8, ""coupled_motion_or_contact"": 0.95, ""motion_control"": 1.9, ""multi_entity_or_human_interaction"": 0.9, ""multi_step_required_events"": 0.25, ""occlusion_or_tight_framing"": 0.55, ""task_family"": 1.45}"
vsec_032,hard,5.9,hard,visual_security,rigid_body_kinematics_and_coupling,vsec_crane_unsafe_swing_near_people,pan,horizontal_pan_lr,"{""causal_safety_response"": 0.8, ""coupled_motion_or_contact"": 0.95, ""motion_control"": 1.0, ""multi_entity_or_human_interaction"": 0.9, ""multi_step_required_events"": 0.25, ""occlusion_or_tight_framing"": 0.55, ""task_family"": 1.45}"
vsec_042,adversarial,6.25,adversarial,visual_security,spatial_exploration_and_viewpoint,vsec_surveillance_blind_spot_sweep,orbit,45.0,"{""causal_safety_response"": 0.8, ""coupled_motion_or_contact"": 0.95, ""motion_control"": 1.9, ""multi_entity_or_human_interaction"": 0.9, ""multi_step_required_events"": 0.25, ""occlusion_or_tight_framing"": 0.55, ""task_family"": 0.9}"
vsec_043,adversarial,6.15,adversarial,visual_security,spatial_exploration_and_viewpoint,vsec_surveillance_blind_spot_sweep,dolly,1.5,"{""causal_safety_response"": 0.8, ""coupled_motion_or_contact"": 0.95, ""motion_control"": 1.8, ""multi_entity_or_human_interaction"": 0.9, ""multi_step_required_events"": 0.25, ""occlusion_or_tight_framing"": 0.55, ""task_family"": 0.9}"
vsec_051,hard,5.35,adversarial,visual_security,topology_mutation_and_failure,vsec_perimeter_fence_breach,dolly,1.5,"{""causal_safety_response"": 0.8, ""coupled_motion_or_contact"": 0.95, ""motion_control"": 1.8, ""multi_step_required_events"": 0.25, ""task_family"": 1.55}"
vsec_058,hard,5.35,adversarial,visual_security,topology_mutation_and_failure,vsec_perimeter_fence_breach,dolly,1.5,"{""causal_safety_response"": 0.8, ""coupled_motion_or_contact"": 0.95, ""motion_control"": 1.8, ""multi_step_required_events"": 0.25, ""task_family"": 1.55}"
vsec_061,medium,4.85,adversarial,visual_security,fluid_dynamics_and_thermodynamics,vsec_dangerous_goods_liquid_leak,static,0.0,"{""causal_safety_response"": 0.8, ""coupled_motion_or_contact"": 0.95, ""fluid_heat_or_pressure"": 1.15, ""motion_control"": 0.0, ""multi_step_required_events"": 0.25, ""task_family"": 1.7}"
vsec_062,hard,5.85,adversarial,visual_security,fluid_dynamics_and_thermodynamics,vsec_dangerous_goods_liquid_leak,pan,horizontal_pan_lr,"{""causal_safety_response"": 0.8, ""coupled_motion_or_contact"": 0.95, ""fluid_heat_or_pressure"": 1.15, ""motion_control"": 1.0, ""multi_step_required_events"": 0.25, ""task_family"": 1.7}"
vsec_069,medium,4.85,adversarial,visual_security,fluid_dynamics_and_thermodynamics,vsec_dangerous_goods_liquid_leak,static,0.0,"{""causal_safety_response"": 0.8, ""coupled_motion_or_contact"": 0.95, ""fluid_heat_or_pressure"": 1.15, ""motion_control"": 0.0, ""multi_step_required_events"": 0.25, ""task_family"": 1.7}"
vsec_071,easy,4.25,adversarial,visual_security,industrial_logic_and_compliance,vsec_pedestrian_forklift_near_miss,static,0.0,"{""causal_safety_response"": 0.8, ""coupled_motion_or_contact"": 0.95, ""motion_control"": 0.0, ""multi_entity_or_human_interaction"": 0.9, ""multi_step_required_events"": 0.25, ""task_family"": 1.35}"
vsec_081,medium,4.85,adversarial,visual_security,fluid_dynamics_and_thermodynamics,vsec_smoke_alarm_evacuation,static,0.0,"{""causal_safety_response"": 0.8, ""coupled_motion_or_contact"": 0.95, ""fluid_heat_or_pressure"": 1.15, ""motion_control"": 0.0, ""multi_step_required_events"": 0.25, ""task_family"": 1.7}"
vsec_085,medium,4.85,adversarial,visual_security,fluid_dynamics_and_thermodynamics,vsec_smoke_alarm_evacuation,static,0.0,"{""causal_safety_response"": 0.8, ""coupled_motion_or_contact"": 0.95, ""fluid_heat_or_pressure"": 1.15, ""motion_control"": 0.0, ""multi_step_required_events"": 0.25, ""task_family"": 1.7}"
vsec_086,hard,5.85,adversarial,visual_security,fluid_dynamics_and_thermodynamics,vsec_smoke_alarm_evacuation,pan,horizontal_pan_lr,"{""causal_safety_response"": 0.8, ""coupled_motion_or_contact"": 0.95, ""fluid_heat_or_pressure"": 1.15, ""motion_control"": 1.0, ""multi_step_required_events"": 0.25, ""task_family"": 1.7}"
vsec_087,medium,4.85,adversarial,visual_security,fluid_dynamics_and_thermodynamics,vsec_smoke_alarm_evacuation,static,0.0,"{""causal_safety_response"": 0.8, ""coupled_motion_or_contact"": 0.95, ""fluid_heat_or_pressure"": 1.15, ""motion_control"": 0.0, ""multi_step_required_events"": 0.25, ""task_family"": 1.7}"
vsec_091,hard,5.35,adversarial,visual_security,topology_mutation_and_failure,vsec_guard_removed_conveyor,dolly,1.5,"{""causal_safety_response"": 0.8, ""coupled_motion_or_contact"": 0.95, ""motion_control"": 1.8, ""multi_step_required_events"": 0.25, ""task_family"": 1.55}"
vsec_092,hard,5.35,adversarial,visual_security,topology_mutation_and_failure,vsec_guard_removed_conveyor,dolly,1.5,"{""causal_safety_response"": 0.8, ""coupled_motion_or_contact"": 0.95, ""motion_control"": 1.8, ""multi_step_required_events"": 0.25, ""task_family"": 1.55}"
vsec_108,medium,4.25,adversarial,visual_security,industrial_logic_and_compliance,vsec_pedestrian_forklift_near_miss,static,0.0,"{""causal_safety_response"": 0.8, ""coupled_motion_or_contact"": 0.95, ""motion_control"": 0.0, ""multi_entity_or_human_interaction"": 0.9, ""multi_step_required_events"": 0.25, ""task_family"": 1.35}"
vsec_109,medium,4.25,adversarial,visual_security,industrial_logic_and_compliance,vsec_pedestrian_forklift_near_miss,static,0.0,"{""causal_safety_response"": 0.8, ""coupled_motion_or_contact"": 0.95, ""motion_control"": 0.0, ""multi_entity_or_human_interaction"": 0.9, ""multi_step_required_events"": 0.25, ""task_family"": 1.35}"
vsec_111,medium,4.25,adversarial,visual_security,industrial_logic_and_compliance,vsec_pedestrian_forklift_near_miss,static,0.0,"{""causal_safety_response"": 0.8, ""coupled_motion_or_contact"": 0.95, ""motion_control"": 0.0, ""multi_entity_or_human_interaction"": 0.9, ""multi_step_required_events"": 0.25, ""task_family"": 1.35}"
vsec_114,adversarial,6.8,hard,visual_security,rigid_body_kinematics_and_coupling,vsec_crane_unsafe_swing_near_people,orbit,45.0,"{""causal_safety_response"": 0.8, ""coupled_motion_or_contact"": 0.95, ""motion_control"": 1.9, ""multi_entity_or_human_interaction"": 0.9, ""multi_step_required_events"": 0.25, ""occlusion_or_tight_framing"": 0.55, ""task_family"": 1.45}"
vsec_115,medium,4.85,adversarial,visual_security,fluid_dynamics_and_thermodynamics,vsec_dangerous_goods_liquid_leak,static,0.0,"{""causal_safety_response"": 0.8, ""coupled_motion_or_contact"": 0.95, ""fluid_heat_or_pressure"": 1.15, ""motion_control"": 0.0, ""multi_step_required_events"": 0.25, ""task_family"": 1.7}"
vsec_116,adversarial,6.25,hard,visual_security,rigid_body_kinematics_and_coupling,vsec_forklift_overspeed_pallet_shift,orbit,45.0,"{""causal_safety_response"": 0.8, ""coupled_motion_or_contact"": 0.95, ""motion_control"": 1.9, ""multi_entity_or_human_interaction"": 0.9, ""multi_step_required_events"": 0.25, ""task_family"": 1.45}"
vsec_117,hard,5.35,adversarial,visual_security,topology_mutation_and_failure,vsec_guard_removed_conveyor,dolly,1.5,"{""causal_safety_response"": 0.8, ""coupled_motion_or_contact"": 0.95, ""motion_control"": 1.8, ""multi_step_required_events"": 0.25, ""task_family"": 1.55}"
vsec_118,medium,4.25,adversarial,visual_security,industrial_logic_and_compliance,vsec_pedestrian_forklift_near_miss,static,0.0,"{""causal_safety_response"": 0.8, ""coupled_motion_or_contact"": 0.95, ""motion_control"": 0.0, ""multi_entity_or_human_interaction"": 0.9, ""multi_step_required_events"": 0.25, ""task_family"": 1.35}"
vsec_119,medium,4.25,adversarial,visual_security,industrial_logic_and_compliance,vsec_pedestrian_forklift_near_miss,static,0.0,"{""causal_safety_response"": 0.8, ""coupled_motion_or_contact"": 0.95, ""motion_control"": 0.0, ""multi_entity_or_human_interaction"": 0.9, ""multi_step_required_events"": 0.25, ""task_family"": 1.35}"
vsec_121,medium,4.25,adversarial,visual_security,industrial_logic_and_compliance,vsec_conveyor_jam_loto_clearance,static,0.0,"{""causal_safety_response"": 0.8, ""coupled_motion_or_contact"": 0.95, ""motion_control"": 0.0, ""multi_entity_or_human_interaction"": 0.9, ""multi_step_required_events"": 0.25, ""task_family"": 1.35}"
vsec_131,medium,4.5,adversarial,visual_security,industrial_logic_and_compliance,vsec_electrical_cabinet_smoke_isolation,static,0.0,"{""causal_safety_response"": 0.8, ""coupled_motion_or_contact"": 0.95, ""fluid_heat_or_pressure"": 1.15, ""motion_control"": 0.0, ""multi_step_required_events"": 0.25, ""task_family"": 1.35}"
vsec_141,adversarial,6.8,hard,visual_security,rigid_body_kinematics_and_coupling,vsec_crane_unsafe_swing_near_people,orbit,45.0,"{""causal_safety_response"": 0.8, ""coupled_motion_or_contact"": 0.95, ""motion_control"": 1.9, ""multi_entity_or_human_interaction"": 0.9, ""multi_step_required_events"": 0.25, ""occlusion_or_tight_framing"": 0.55, ""task_family"": 1.45}"
vsec_144,hard,5.35,adversarial,visual_security,topology_mutation_and_failure,vsec_guard_removed_conveyor,dolly,1.5,"{""causal_safety_response"": 0.8, ""coupled_motion_or_contact"": 0.95, ""motion_control"": 1.8, ""multi_step_required_events"": 0.25, ""task_family"": 1.55}"
vsec_145,adversarial,6.8,hard,visual_security,rigid_body_kinematics_and_coupling,vsec_crane_unsafe_swing_near_people,orbit,45.0,"{""causal_safety_response"": 0.8, ""coupled_motion_or_contact"": 0.95, ""motion_control"": 1.9, ""multi_entity_or_human_interaction"": 0.9, ""multi_step_required_events"": 0.25, ""occlusion_or_tight_framing"": 0.55, ""task_family"": 1.45}"
vsec_146,adversarial,6.8,hard,visual_security,rigid_body_kinematics_and_coupling,vsec_crane_unsafe_swing_near_people,orbit,45.0,"{""causal_safety_response"": 0.8, ""coupled_motion_or_contact"": 0.95, ""motion_control"": 1.9, ""multi_entity_or_human_interaction"": 0.9, ""multi_step_required_events"": 0.25, ""occlusion_or_tight_framing"": 0.55, ""task_family"": 1.45}"
vsec_147,hard,5.35,adversarial,visual_security,topology_mutation_and_failure,vsec_guard_removed_conveyor,dolly,1.5,"{""causal_safety_response"": 0.8, ""coupled_motion_or_contact"": 0.95, ""motion_control"": 1.8, ""multi_step_required_events"": 0.25, ""task_family"": 1.55}"
vsec_151,medium,4.25,adversarial,visual_security,industrial_logic_and_compliance,vsec_missing_ppe_at_height,static,0.0,"{""causal_safety_response"": 0.8, ""coupled_motion_or_contact"": 0.95, ""motion_control"": 0.0, ""multi_entity_or_human_interaction"": 0.9, ""multi_step_required_events"": 0.25, ""task_family"": 1.35}"
vsec_152,medium,4.25,adversarial,visual_security,industrial_logic_and_compliance,vsec_missing_ppe_at_height,static,0.0,"{""causal_safety_response"": 0.8, ""coupled_motion_or_contact"": 0.95, ""motion_control"": 0.0, ""multi_entity_or_human_interaction"": 0.9, ""multi_step_required_events"": 0.25, ""task_family"": 1.35}"
vsec_153,medium,4.25,adversarial,visual_security,industrial_logic_and_compliance,vsec_missing_ppe_at_height,static,0.0,"{""causal_safety_response"": 0.8, ""coupled_motion_or_contact"": 0.95, ""motion_control"": 0.0, ""multi_entity_or_human_interaction"": 0.9, ""multi_step_required_events"": 0.25, ""task_family"": 1.35}"
vsec_154,adversarial,6.8,hard,visual_security,rigid_body_kinematics_and_coupling,vsec_crane_unsafe_swing_near_people,orbit,45.0,"{""causal_safety_response"": 0.8, ""coupled_motion_or_contact"": 0.95, ""motion_control"": 1.9, ""multi_entity_or_human_interaction"": 0.9, ""multi_step_required_events"": 0.25, ""occlusion_or_tight_framing"": 0.55, ""task_family"": 1.45}"
vsec_155,adversarial,6.8,hard,visual_security,rigid_body_kinematics_and_coupling,vsec_crane_unsafe_swing_near_people,orbit,45.0,"{""causal_safety_response"": 0.8, ""coupled_motion_or_contact"": 0.95, ""motion_control"": 1.9, ""multi_entity_or_human_interaction"": 0.9, ""multi_step_required_events"": 0.25, ""occlusion_or_tight_framing"": 0.55, ""task_family"": 1.45}"
vsec_156,adversarial,6.8,hard,visual_security,rigid_body_kinematics_and_coupling,vsec_crane_unsafe_swing_near_people,orbit,45.0,"{""causal_safety_response"": 0.8, ""coupled_motion_or_contact"": 0.95, ""motion_control"": 1.9, ""multi_entity_or_human_interaction"": 0.9, ""multi_step_required_events"": 0.25, ""occlusion_or_tight_framing"": 0.55, ""task_family"": 1.45}"
vsec_157,medium,4.85,adversarial,visual_security,fluid_dynamics_and_thermodynamics,vsec_dangerous_goods_liquid_leak,static,0.0,"{""causal_safety_response"": 0.8, ""coupled_motion_or_contact"": 0.95, ""fluid_heat_or_pressure"": 1.15, ""motion_control"": 0.0, ""multi_step_required_events"": 0.25, ""task_family"": 1.7}"
vsec_159,medium,4.85,adversarial,visual_security,fluid_dynamics_and_thermodynamics,vsec_dangerous_goods_liquid_leak,static,0.0,"{""causal_safety_response"": 0.8, ""coupled_motion_or_contact"": 0.95, ""fluid_heat_or_pressure"": 1.15, ""motion_control"": 0.0, ""multi_step_required_events"": 0.25, ""task_family"": 1.7}"
vsec_160,medium,4.5,adversarial,visual_security,industrial_logic_and_compliance,vsec_electrical_cabinet_smoke_isolation,static,0.0,"{""causal_safety_response"": 0.8, ""coupled_motion_or_contact"": 0.95, ""fluid_heat_or_pressure"": 1.15, ""motion_control"": 0.0, ""multi_step_required_events"": 0.25, ""task_family"": 1.35}"
vsec_163,medium,4.5,adversarial,visual_security,industrial_logic_and_compliance,vsec_electrical_cabinet_smoke_isolation,static,0.0,"{""causal_safety_response"": 0.8, ""coupled_motion_or_contact"": 0.95, ""fluid_heat_or_pressure"": 1.15, ""motion_control"": 0.0, ""multi_step_required_events"": 0.25, ""task_family"": 1.35}"
vsec_165,hard,5.35,adversarial,visual_security,topology_mutation_and_failure,vsec_guard_removed_conveyor,dolly,1.5,"{""causal_safety_response"": 0.8, ""coupled_motion_or_contact"": 0.95, ""motion_control"": 1.8, ""multi_step_required_events"": 0.25, ""task_family"": 1.55}"
vsec_166,hard,5.35,adversarial,visual_security,topology_mutation_and_failure,vsec_guard_removed_conveyor,dolly,1.5,"{""causal_safety_response"": 0.8, ""coupled_motion_or_contact"": 0.95, ""motion_control"": 1.8, ""multi_step_required_events"": 0.25, ""task_family"": 1.55}"
vsec_167,hard,5.35,adversarial,visual_security,topology_mutation_and_failure,vsec_guard_removed_conveyor,dolly,1.5,"{""causal_safety_response"": 0.8, ""coupled_motion_or_contact"": 0.95, ""motion_control"": 1.8, ""multi_step_required_events"": 0.25, ""task_family"": 1.55}"
vsec_168,medium,4.25,adversarial,visual_security,industrial_logic_and_compliance,vsec_missing_ppe_at_height,static,0.0,"{""causal_safety_response"": 0.8, ""coupled_motion_or_contact"": 0.95, ""motion_control"": 0.0, ""multi_entity_or_human_interaction"": 0.9, ""multi_step_required_events"": 0.25, ""task_family"": 1.35}"
vsec_169,medium,4.25,adversarial,visual_security,industrial_logic_and_compliance,vsec_missing_ppe_at_height,static,0.0,"{""causal_safety_response"": 0.8, ""coupled_motion_or_contact"": 0.95, ""motion_control"": 0.0, ""multi_entity_or_human_interaction"": 0.9, ""multi_step_required_events"": 0.25, ""task_family"": 1.35}"
vsec_170,hard,5.35,adversarial,visual_security,spatial_exploration_and_viewpoint,vsec_surveillance_blind_spot_sweep,pan,horizontal_pan_lr,"{""causal_safety_response"": 0.8, ""coupled_motion_or_contact"": 0.95, ""motion_control"": 1.0, ""multi_entity_or_human_interaction"": 0.9, ""multi_step_required_events"": 0.25, ""occlusion_or_tight_framing"": 0.55, ""task_family"": 0.9}"
vsec_171,hard,5.35,adversarial,visual_security,spatial_exploration_and_viewpoint,vsec_surveillance_blind_spot_sweep,pan,horizontal_pan_lr,"{""causal_safety_response"": 0.8, ""coupled_motion_or_contact"": 0.95, ""motion_control"": 1.0, ""multi_entity_or_human_interaction"": 0.9, ""multi_step_required_events"": 0.25, ""occlusion_or_tight_framing"": 0.55, ""task_family"": 0.9}"
vsec_173,medium,4.25,adversarial,visual_security,industrial_logic_and_compliance,vsec_conveyor_jam_loto_clearance,static,0.0,"{""causal_safety_response"": 0.8, ""coupled_motion_or_contact"": 0.95, ""motion_control"": 0.0, ""multi_entity_or_human_interaction"": 0.9, ""multi_step_required_events"": 0.25, ""task_family"": 1.35}"
vsec_175,medium,4.25,adversarial,visual_security,industrial_logic_and_compliance,vsec_conveyor_jam_loto_clearance,static,0.0,"{""causal_safety_response"": 0.8, ""coupled_motion_or_contact"": 0.95, ""motion_control"": 0.0, ""multi_entity_or_human_interaction"": 0.9, ""multi_step_required_events"": 0.25, ""task_family"": 1.35}"
vsec_176,medium,4.25,adversarial,visual_security,industrial_logic_and_compliance,vsec_conveyor_jam_loto_clearance,static,0.0,"{""causal_safety_response"": 0.8, ""coupled_motion_or_contact"": 0.95, ""motion_control"": 0.0, ""multi_entity_or_human_interaction"": 0.9, ""multi_step_required_events"": 0.25, ""task_family"": 1.35}"
vsec_178,medium,4.25,adversarial,visual_security,industrial_logic_and_compliance,vsec_conveyor_jam_loto_clearance,static,0.0,"{""causal_safety_response"": 0.8, ""coupled_motion_or_contact"": 0.95, ""motion_control"": 0.0, ""multi_entity_or_human_interaction"": 0.9, ""multi_step_required_events"": 0.25, ""task_family"": 1.35}"
vsec_179,medium,4.25,adversarial,visual_security,industrial_logic_and_compliance,vsec_conveyor_jam_loto_clearance,static,0.0,"{""causal_safety_response"": 0.8, ""coupled_motion_or_contact"": 0.95, ""motion_control"": 0.0, ""multi_entity_or_human_interaction"": 0.9, ""multi_step_required_events"": 0.25, ""task_family"": 1.35}"
vsec_186,medium,4.25,adversarial,visual_security,industrial_logic_and_compliance,vsec_conveyor_jam_loto_clearance,static,0.0,"{""causal_safety_response"": 0.8, ""coupled_motion_or_contact"": 0.95, ""motion_control"": 0.0, ""multi_entity_or_human_interaction"": 0.9, ""multi_step_required_events"": 0.25, ""task_family"": 1.35}"
vsec_187,medium,4.25,adversarial,visual_security,industrial_logic_and_compliance,vsec_conveyor_jam_loto_clearance,static,0.0,"{""causal_safety_response"": 0.8, ""coupled_motion_or_contact"": 0.95, ""motion_control"": 0.0, ""multi_entity_or_human_interaction"": 0.9, ""multi_step_required_events"": 0.25, ""task_family"": 1.35}"
vsec_189,medium,4.85,adversarial,visual_security,fluid_dynamics_and_thermodynamics,vsec_dangerous_goods_liquid_leak,static,0.0,"{""causal_safety_response"": 0.8, ""coupled_motion_or_contact"": 0.95, ""fluid_heat_or_pressure"": 1.15, ""motion_control"": 0.0, ""multi_step_required_events"": 0.25, ""task_family"": 1.7}"
vsec_190,medium,4.85,adversarial,visual_security,fluid_dynamics_and_thermodynamics,vsec_dangerous_goods_liquid_leak,static,0.0,"{""causal_safety_response"": 0.8, ""coupled_motion_or_contact"": 0.95, ""fluid_heat_or_pressure"": 1.15, ""motion_control"": 0.0, ""multi_step_required_events"": 0.25, ""task_family"": 1.7}"
vsec_192,medium,4.5,adversarial,visual_security,industrial_logic_and_compliance,vsec_electrical_cabinet_smoke_isolation,static,0.0,"{""causal_safety_response"": 0.8, ""coupled_motion_or_contact"": 0.95, ""fluid_heat_or_pressure"": 1.15, ""motion_control"": 0.0, ""multi_step_required_events"": 0.25, ""task_family"": 1.35}"
vsec_193,medium,4.5,adversarial,visual_security,industrial_logic_and_compliance,vsec_electrical_cabinet_smoke_isolation,static,0.0,"{""causal_safety_response"": 0.8, ""coupled_motion_or_contact"": 0.95, ""fluid_heat_or_pressure"": 1.15, ""motion_control"": 0.0, ""multi_step_required_events"": 0.25, ""task_family"": 1.35}"
vsec_195,medium,4.5,adversarial,visual_security,industrial_logic_and_compliance,vsec_electrical_cabinet_smoke_isolation,static,0.0,"{""causal_safety_response"": 0.8, ""coupled_motion_or_contact"": 0.95, ""fluid_heat_or_pressure"": 1.15, ""motion_control"": 0.0, ""multi_step_required_events"": 0.25, ""task_family"": 1.35}"
vsec_196,medium,4.5,adversarial,visual_security,industrial_logic_and_compliance,vsec_electrical_cabinet_smoke_isolation,static,0.0,"{""causal_safety_response"": 0.8, ""coupled_motion_or_contact"": 0.95, ""fluid_heat_or_pressure"": 1.15, ""motion_control"": 0.0, ""multi_step_required_events"": 0.25, ""task_family"": 1.35}"
vsec_197,medium,4.5,adversarial,visual_security,industrial_logic_and_compliance,vsec_electrical_cabinet_smoke_isolation,static,0.0,"{""causal_safety_response"": 0.8, ""coupled_motion_or_contact"": 0.95, ""fluid_heat_or_pressure"": 1.15, ""motion_control"": 0.0, ""multi_step_required_events"": 0.25, ""task_family"": 1.35}"
vsec_201,adversarial,6.25,hard,visual_security,rigid_body_kinematics_and_coupling,vsec_forklift_overspeed_pallet_shift,orbit,45.0,"{""causal_safety_response"": 0.8, ""coupled_motion_or_contact"": 0.95, ""motion_control"": 1.9, ""multi_entity_or_human_interaction"": 0.9, ""multi_step_required_events"": 0.25, ""task_family"": 1.45}"
vsec_203,adversarial,6.25,hard,visual_security,rigid_body_kinematics_and_coupling,vsec_forklift_overspeed_pallet_shift,orbit,45.0,"{""causal_safety_response"": 0.8, ""coupled_motion_or_contact"": 0.95, ""motion_control"": 1.9, ""multi_entity_or_human_interaction"": 0.9, ""multi_step_required_events"": 0.25, ""task_family"": 1.45}"
vsec_207,medium,4.25,adversarial,visual_security,industrial_logic_and_compliance,vsec_pedestrian_forklift_near_miss,static,0.0,"{""causal_safety_response"": 0.8, ""coupled_motion_or_contact"": 0.95, ""motion_control"": 0.0, ""multi_entity_or_human_interaction"": 0.9, ""multi_step_required_events"": 0.25, ""task_family"": 1.35}"
vsec_209,medium,4.25,adversarial,visual_security,industrial_logic_and_compliance,vsec_pedestrian_forklift_near_miss,static,0.0,"{""causal_safety_response"": 0.8, ""coupled_motion_or_contact"": 0.95, ""motion_control"": 0.0, ""multi_entity_or_human_interaction"": 0.9, ""multi_step_required_events"": 0.25, ""task_family"": 1.35}"
vsec_212,hard,5.35,adversarial,visual_security,topology_mutation_and_failure,vsec_perimeter_fence_breach,dolly,1.5,"{""causal_safety_response"": 0.8, ""coupled_motion_or_contact"": 0.95, ""motion_control"": 1.8, ""multi_step_required_events"": 0.25, ""task_family"": 1.55}"
vsec_214,hard,5.35,adversarial,visual_security,topology_mutation_and_failure,vsec_perimeter_fence_breach,dolly,1.5,"{""causal_safety_response"": 0.8, ""coupled_motion_or_contact"": 0.95, ""motion_control"": 1.8, ""multi_step_required_events"": 0.25, ""task_family"": 1.55}"
vsec_216,hard,5.35,adversarial,visual_security,topology_mutation_and_failure,vsec_perimeter_fence_breach,dolly,1.5,"{""causal_safety_response"": 0.8, ""coupled_motion_or_contact"": 0.95, ""motion_control"": 1.8, ""multi_step_required_events"": 0.25, ""task_family"": 1.55}"
vsec_217,hard,5.35,adversarial,visual_security,topology_mutation_and_failure,vsec_perimeter_fence_breach,dolly,1.5,"{""causal_safety_response"": 0.8, ""coupled_motion_or_contact"": 0.95, ""motion_control"": 1.8, ""multi_step_required_events"": 0.25, ""task_family"": 1.55}"
vsec_227,hard,5.35,adversarial,visual_security,spatial_exploration_and_viewpoint,vsec_surveillance_blind_spot_sweep,pan,horizontal_pan_lr,"{""causal_safety_response"": 0.8, ""coupled_motion_or_contact"": 0.95, ""motion_control"": 1.0, ""multi_entity_or_human_interaction"": 0.9, ""multi_step_required_events"": 0.25, ""occlusion_or_tight_framing"": 0.55, ""task_family"": 0.9}"
vsec_228,hard,5.35,adversarial,visual_security,spatial_exploration_and_viewpoint,vsec_surveillance_blind_spot_sweep,pan,horizontal_pan_lr,"{""causal_safety_response"": 0.8, ""coupled_motion_or_contact"": 0.95, ""motion_control"": 1.0, ""multi_entity_or_human_interaction"": 0.9, ""multi_step_required_events"": 0.25, ""occlusion_or_tight_framing"": 0.55, ""task_family"": 0.9}"
vsec_229,hard,5.35,adversarial,visual_security,spatial_exploration_and_viewpoint,vsec_surveillance_blind_spot_sweep,pan,horizontal_pan_lr,"{""causal_safety_response"": 0.8, ""coupled_motion_or_contact"": 0.95, ""motion_control"": 1.0, ""multi_entity_or_human_interaction"": 0.9, ""multi_step_required_events"": 0.25, ""occlusion_or_tight_framing"": 0.55, ""task_family"": 0.9}"
vsec_232,hard,5.35,adversarial,visual_security,spatial_exploration_and_viewpoint,vsec_surveillance_blind_spot_sweep,pan,horizontal_pan_lr,"{""causal_safety_response"": 0.8, ""coupled_motion_or_contact"": 0.95, ""motion_control"": 1.0, ""multi_entity_or_human_interaction"": 0.9, ""multi_step_required_events"": 0.25, ""occlusion_or_tight_framing"": 0.55, ""task_family"": 0.9}"
vsec_233,hard,5.35,adversarial,visual_security,spatial_exploration_and_viewpoint,vsec_surveillance_blind_spot_sweep,pan,horizontal_pan_lr,"{""causal_safety_response"": 0.8, ""coupled_motion_or_contact"": 0.95, ""motion_control"": 1.0, ""multi_entity_or_human_interaction"": 0.9, ""multi_step_required_events"": 0.25, ""occlusion_or_tight_framing"": 0.55, ""task_family"": 0.9}"
vsec_239,medium,4.25,adversarial,visual_security,industrial_logic_and_compliance,vsec_unregistered_vehicle_intrusion,static,0.0,"{""causal_safety_response"": 0.8, ""coupled_motion_or_contact"": 0.95, ""motion_control"": 0.0, ""multi_entity_or_human_interaction"": 0.9, ""multi_step_required_events"": 0.25, ""task_family"": 1.35}"
vsec_241,medium,4.25,adversarial,visual_security,industrial_logic_and_compliance,vsec_unregistered_vehicle_intrusion,static,0.0,"{""causal_safety_response"": 0.8, ""coupled_motion_or_contact"": 0.95, ""motion_control"": 0.0, ""multi_entity_or_human_interaction"": 0.9, ""multi_step_required_events"": 0.25, ""task_family"": 1.35}"
vsec_242,medium,4.25,adversarial,visual_security,industrial_logic_and_compliance,vsec_unregistered_vehicle_intrusion,static,0.0,"{""causal_safety_response"": 0.8, ""coupled_motion_or_contact"": 0.95, ""motion_control"": 0.0, ""multi_entity_or_human_interaction"": 0.9, ""multi_step_required_events"": 0.25, ""task_family"": 1.35}"
vsec_243,hard,5.35,adversarial,visual_security,topology_mutation_and_failure,vsec_perimeter_fence_breach,dolly,1.5,"{""causal_safety_response"": 0.8, ""coupled_motion_or_contact"": 0.95, ""motion_control"": 1.8, ""multi_step_required_events"": 0.25, ""task_family"": 1.55}"
vsec_245,hard,5.35,adversarial,visual_security,topology_mutation_and_failure,vsec_perimeter_fence_breach,dolly,1.5,"{""causal_safety_response"": 0.8, ""coupled_motion_or_contact"": 0.95, ""motion_control"": 1.8, ""multi_step_required_events"": 0.25, ""task_family"": 1.55}"
vsec_246,hard,5.35,adversarial,visual_security,topology_mutation_and_failure,vsec_perimeter_fence_breach,dolly,1.5,"{""causal_safety_response"": 0.8, ""coupled_motion_or_contact"": 0.95, ""motion_control"": 1.8, ""multi_step_required_events"": 0.25, ""task_family"": 1.55}"
vsec_247,medium,4.85,adversarial,visual_security,fluid_dynamics_and_thermodynamics,vsec_smoke_alarm_evacuation,static,0.0,"{""causal_safety_response"": 0.8, ""coupled_motion_or_contact"": 0.95, ""fluid_heat_or_pressure"": 1.15, ""motion_control"": 0.0, ""multi_step_required_events"": 0.25, ""task_family"": 1.7}"
vsec_248,medium,4.85,adversarial,visual_security,fluid_dynamics_and_thermodynamics,vsec_smoke_alarm_evacuation,static,0.0,"{""causal_safety_response"": 0.8, ""coupled_motion_or_contact"": 0.95, ""fluid_heat_or_pressure"": 1.15, ""motion_control"": 0.0, ""multi_step_required_events"": 0.25, ""task_family"": 1.7}"
vsec_249,medium,4.85,adversarial,visual_security,fluid_dynamics_and_thermodynamics,vsec_smoke_alarm_evacuation,static,0.0,"{""causal_safety_response"": 0.8, ""coupled_motion_or_contact"": 0.95, ""fluid_heat_or_pressure"": 1.15, ""motion_control"": 0.0, ""multi_step_required_events"": 0.25, ""task_family"": 1.7}"
vsec_251,medium,4.85,adversarial,visual_security,fluid_dynamics_and_thermodynamics,vsec_smoke_alarm_evacuation,static,0.0,"{""causal_safety_response"": 0.8, ""coupled_motion_or_contact"": 0.95, ""fluid_heat_or_pressure"": 1.15, ""motion_control"": 0.0, ""multi_step_required_events"": 0.25, ""task_family"": 1.7}"
