index,task_id,domain,scene_id,task_category,motion_type,source_image_path,exported_image_path
1,erob_105,embodied_robotics,erob_agv_rollup_door_interlock,industrial_logic_and_compliance,static,dataset/images/embodied_robotics/erob_agv_rollup_door_interlock/ref_16.jpg,reports/video_generation_500_images/001__erob_105__embodied_robotics__erob_agv_rollup_door_interlock__ref_16.jpg
2,erob_229,embodied_robotics,erob_agv_rollup_door_interlock,industrial_logic_and_compliance,static,dataset/images/embodied_robotics/erob_agv_rollup_door_interlock/ref_02.jpg,reports/video_generation_500_images/002__erob_229__embodied_robotics__erob_agv_rollup_door_interlock__ref_02.jpg
3,erob_230,embodied_robotics,erob_agv_rollup_door_interlock,industrial_logic_and_compliance,static,dataset/images/embodied_robotics/erob_agv_rollup_door_interlock/ref_03.jpg,reports/video_generation_500_images/003__erob_230__embodied_robotics__erob_agv_rollup_door_interlock__ref_03.jpg
4,erob_233,embodied_robotics,erob_agv_rollup_door_interlock,industrial_logic_and_compliance,static,dataset/images/embodied_robotics/erob_agv_rollup_door_interlock/ref_06.jpg,reports/video_generation_500_images/004__erob_233__embodied_robotics__erob_agv_rollup_door_interlock__ref_06.jpg
5,erob_234,embodied_robotics,erob_agv_rollup_door_interlock,industrial_logic_and_compliance,static,dataset/images/embodied_robotics/erob_agv_rollup_door_interlock/ref_07.jpg,reports/video_generation_500_images/005__erob_234__embodied_robotics__erob_agv_rollup_door_interlock__ref_07.jpg
6,erob_235,embodied_robotics,erob_agv_rollup_door_interlock,industrial_logic_and_compliance,static,dataset/images/embodied_robotics/erob_agv_rollup_door_interlock/ref_08.jpg,reports/video_generation_500_images/006__erob_235__embodied_robotics__erob_agv_rollup_door_interlock__ref_08.jpg
7,erob_237,embodied_robotics,erob_agv_rollup_door_interlock,industrial_logic_and_compliance,static,dataset/images/embodied_robotics/erob_agv_rollup_door_interlock/ref_10.jpg,reports/video_generation_500_images/007__erob_237__embodied_robotics__erob_agv_rollup_door_interlock__ref_10.jpg
8,erob_241,embodied_robotics,erob_agv_rollup_door_interlock,industrial_logic_and_compliance,static,dataset/images/embodied_robotics/erob_agv_rollup_door_interlock/ref_14.jpg,reports/video_generation_500_images/008__erob_241__embodied_robotics__erob_agv_rollup_door_interlock__ref_14.jpg
9,erob_125,embodied_robotics,erob_amr_charger_smoke_abort,industrial_logic_and_compliance,static,dataset/images/embodied_robotics/erob_amr_charger_smoke_abort/ref_01.jpg,reports/video_generation_500_images/009__erob_125__embodied_robotics__erob_amr_charger_smoke_abort__ref_01.jpg
10,erob_146,embodied_robotics,erob_amr_charger_smoke_abort,industrial_logic_and_compliance,static,dataset/images/embodied_robotics/erob_amr_charger_smoke_abort/ref_06.jpg,reports/video_generation_500_images/010__erob_146__embodied_robotics__erob_amr_charger_smoke_abort__ref_06.jpg
11,erob_147,embodied_robotics,erob_amr_charger_smoke_abort,industrial_logic_and_compliance,static,dataset/images/embodied_robotics/erob_amr_charger_smoke_abort/ref_07.jpg,reports/video_generation_500_images/011__erob_147__embodied_robotics__erob_amr_charger_smoke_abort__ref_07.jpg
12,erob_152,embodied_robotics,erob_amr_charger_smoke_abort,industrial_logic_and_compliance,static,dataset/images/embodied_robotics/erob_amr_charger_smoke_abort/ref_09.jpg,reports/video_generation_500_images/012__erob_152__embodied_robotics__erob_amr_charger_smoke_abort__ref_09.jpg
13,erob_154,embodied_robotics,erob_amr_charger_smoke_abort,industrial_logic_and_compliance,static,dataset/images/embodied_robotics/erob_amr_charger_smoke_abort/ref_11.jpg,reports/video_generation_500_images/013__erob_154__embodied_robotics__erob_amr_charger_smoke_abort__ref_11.jpg
14,erob_156,embodied_robotics,erob_amr_charger_smoke_abort,industrial_logic_and_compliance,static,dataset/images/embodied_robotics/erob_amr_charger_smoke_abort/ref_13.jpg,reports/video_generation_500_images/014__erob_156__embodied_robotics__erob_amr_charger_smoke_abort__ref_13.jpg
15,erob_157,embodied_robotics,erob_amr_charger_smoke_abort,industrial_logic_and_compliance,static,dataset/images/embodied_robotics/erob_amr_charger_smoke_abort/ref_14.jpg,reports/video_generation_500_images/015__erob_157__embodied_robotics__erob_amr_charger_smoke_abort__ref_14.jpg
16,erob_159,embodied_robotics,erob_amr_charger_smoke_abort,industrial_logic_and_compliance,static,dataset/images/embodied_robotics/erob_amr_charger_smoke_abort/ref_16.jpg,reports/video_generation_500_images/016__erob_159__embodied_robotics__erob_amr_charger_smoke_abort__ref_16.jpg
17,erob_041,embodied_robotics,erob_amr_warehouse_navigation,rigid_body_kinematics_and_coupling,orbit,dataset/images/embodied_robotics/erob_amr_warehouse_navigation/ref_01.jpg,reports/video_generation_500_images/017__erob_041__embodied_robotics__erob_amr_warehouse_navigation__ref_01.jpg
18,erob_043,embodied_robotics,erob_amr_warehouse_navigation,rigid_body_kinematics_and_coupling,orbit,dataset/images/embodied_robotics/erob_amr_warehouse_navigation/ref_03.jpg,reports/video_generation_500_images/018__erob_043__embodied_robotics__erob_amr_warehouse_navigation__ref_03.jpg
19,erob_044,embodied_robotics,erob_amr_warehouse_navigation,rigid_body_kinematics_and_coupling,pan,dataset/images/embodied_robotics/erob_amr_warehouse_navigation/ref_04.jpg,reports/video_generation_500_images/019__erob_044__embodied_robotics__erob_amr_warehouse_navigation__ref_04.jpg
20,erob_045,embodied_robotics,erob_amr_warehouse_navigation,rigid_body_kinematics_and_coupling,orbit,dataset/images/embodied_robotics/erob_amr_warehouse_navigation/ref_07.jpg,reports/video_generation_500_images/020__erob_045__embodied_robotics__erob_amr_warehouse_navigation__ref_07.jpg
21,erob_046,embodied_robotics,erob_amr_warehouse_navigation,rigid_body_kinematics_and_coupling,pan,dataset/images/embodied_robotics/erob_amr_warehouse_navigation/ref_08.jpg,reports/video_generation_500_images/021__erob_046__embodied_robotics__erob_amr_warehouse_navigation__ref_08.jpg
22,erob_094,embodied_robotics,erob_amr_warehouse_navigation,rigid_body_kinematics_and_coupling,orbit,dataset/images/embodied_robotics/erob_amr_warehouse_navigation/ref_05.jpg,reports/video_generation_500_images/022__erob_094__embodied_robotics__erob_amr_warehouse_navigation__ref_05.jpg
23,erob_095,embodied_robotics,erob_amr_warehouse_navigation,rigid_body_kinematics_and_coupling,orbit,dataset/images/embodied_robotics/erob_amr_warehouse_navigation/ref_06.jpg,reports/video_generation_500_images/023__erob_095__embodied_robotics__erob_amr_warehouse_navigation__ref_06.jpg
24,erob_210,embodied_robotics,erob_amr_warehouse_navigation,rigid_body_kinematics_and_coupling,orbit,dataset/images/embodied_robotics/erob_amr_warehouse_navigation/ref_15.jpg,reports/video_generation_500_images/024__erob_210__embodied_robotics__erob_amr_warehouse_navigation__ref_15.jpg
25,erob_211,embodied_robotics,erob_amr_warehouse_navigation,rigid_body_kinematics_and_coupling,orbit,dataset/images/embodied_robotics/erob_amr_warehouse_navigation/ref_16.jpg,reports/video_generation_500_images/025__erob_211__embodied_robotics__erob_amr_warehouse_navigation__ref_16.jpg
26,erob_014,embodied_robotics,erob_cobot_human_handover,industrial_logic_and_compliance,static,dataset/images/embodied_robotics/erob_cobot_human_handover/ref_05.jpg,reports/video_generation_500_images/026__erob_014__embodied_robotics__erob_cobot_human_handover__ref_05.jpg
27,erob_015,embodied_robotics,erob_cobot_human_handover,industrial_logic_and_compliance,static,dataset/images/embodied_robotics/erob_cobot_human_handover/ref_15.jpg,reports/video_generation_500_images/027__erob_015__embodied_robotics__erob_cobot_human_handover__ref_15.jpg
28,erob_016,embodied_robotics,erob_cobot_human_handover,industrial_logic_and_compliance,static,dataset/images/embodied_robotics/erob_cobot_human_handover/ref_16.jpg,reports/video_generation_500_images/028__erob_016__embodied_robotics__erob_cobot_human_handover__ref_16.jpg
29,erob_092,embodied_robotics,erob_cobot_human_handover,industrial_logic_and_compliance,static,dataset/images/embodied_robotics/erob_cobot_human_handover/ref_08.jpg,reports/video_generation_500_images/029__erob_092__embodied_robotics__erob_cobot_human_handover__ref_08.jpg
30,erob_093,embodied_robotics,erob_cobot_human_handover,industrial_logic_and_compliance,static,dataset/images/embodied_robotics/erob_cobot_human_handover/ref_07.jpg,reports/video_generation_500_images/030__erob_093__embodied_robotics__erob_cobot_human_handover__ref_07.jpg
31,erob_245,embodied_robotics,erob_cobot_human_handover,industrial_logic_and_compliance,static,dataset/images/embodied_robotics/erob_cobot_human_handover/ref_12.jpg,reports/video_generation_500_images/031__erob_245__embodied_robotics__erob_cobot_human_handover__ref_12.jpg
32,erob_246,embodied_robotics,erob_cobot_human_handover,industrial_logic_and_compliance,static,dataset/images/embodied_robotics/erob_cobot_human_handover/ref_13.jpg,reports/video_generation_500_images/032__erob_246__embodied_robotics__erob_cobot_human_handover__ref_13.jpg
33,erob_261,embodied_robotics,erob_cobot_human_handover,industrial_logic_and_compliance,static,dataset/images/embodied_robotics/erob_cobot_human_handover/ref_17.jpg,reports/video_generation_500_images/033__erob_261__embodied_robotics__erob_cobot_human_handover__ref_17.jpg
34,erob_115,embodied_robotics,erob_cobot_safety_scanner_slowdown,industrial_logic_and_compliance,static,dataset/images/embodied_robotics/erob_cobot_safety_scanner_slowdown/ref_17.jpg,reports/video_generation_500_images/034__erob_115__embodied_robotics__erob_cobot_safety_scanner_slowdown__ref_17.jpg
35,erob_160,embodied_robotics,erob_cobot_safety_scanner_slowdown,industrial_logic_and_compliance,static,dataset/images/embodied_robotics/erob_cobot_safety_scanner_slowdown/ref_16.jpg,reports/video_generation_500_images/035__erob_160__embodied_robotics__erob_cobot_safety_scanner_slowdown__ref_16.jpg
36,erob_162,embodied_robotics,erob_cobot_safety_scanner_slowdown,industrial_logic_and_compliance,static,dataset/images/embodied_robotics/erob_cobot_safety_scanner_slowdown/ref_18.jpg,reports/video_generation_500_images/036__erob_162__embodied_robotics__erob_cobot_safety_scanner_slowdown__ref_18.jpg
37,erob_163,embodied_robotics,erob_cobot_safety_scanner_slowdown,industrial_logic_and_compliance,static,dataset/images/embodied_robotics/erob_cobot_safety_scanner_slowdown/ref_19.jpg,reports/video_generation_500_images/037__erob_163__embodied_robotics__erob_cobot_safety_scanner_slowdown__ref_19.jpg
38,erob_167,embodied_robotics,erob_cobot_safety_scanner_slowdown,industrial_logic_and_compliance,static,dataset/images/embodied_robotics/erob_cobot_safety_scanner_slowdown/ref_23.jpg,reports/video_generation_500_images/038__erob_167__embodied_robotics__erob_cobot_safety_scanner_slowdown__ref_23.jpg
39,erob_168,embodied_robotics,erob_cobot_safety_scanner_slowdown,industrial_logic_and_compliance,static,dataset/images/embodied_robotics/erob_cobot_safety_scanner_slowdown/ref_24.jpg,reports/video_generation_500_images/039__erob_168__embodied_robotics__erob_cobot_safety_scanner_slowdown__ref_24.jpg
40,erob_249,embodied_robotics,erob_cobot_safety_scanner_slowdown,industrial_logic_and_compliance,static,dataset/images/embodied_robotics/erob_cobot_safety_scanner_slowdown/ref_11.jpg,reports/video_generation_500_images/040__erob_249__embodied_robotics__erob_cobot_safety_scanner_slowdown__ref_11.jpg
41,erob_250,embodied_robotics,erob_cobot_safety_scanner_slowdown,industrial_logic_and_compliance,static,dataset/images/embodied_robotics/erob_cobot_safety_scanner_slowdown/ref_12.jpg,reports/video_generation_500_images/041__erob_250__embodied_robotics__erob_cobot_safety_scanner_slowdown__ref_12.jpg
42,erob_082,embodied_robotics,erob_gripper_failure_recovery,topology_mutation_and_failure,dolly,dataset/images/embodied_robotics/erob_gripper_failure_recovery/ref_02.jpg,reports/video_generation_500_images/042__erob_082__embodied_robotics__erob_gripper_failure_recovery__ref_02.jpg
43,erob_083,embodied_robotics,erob_gripper_failure_recovery,topology_mutation_and_failure,dolly,dataset/images/embodied_robotics/erob_gripper_failure_recovery/ref_12.jpg,reports/video_generation_500_images/043__erob_083__embodied_robotics__erob_gripper_failure_recovery__ref_12.jpg
44,erob_084,embodied_robotics,erob_gripper_failure_recovery,topology_mutation_and_failure,dolly,dataset/images/embodied_robotics/erob_gripper_failure_recovery/ref_13.jpg,reports/video_generation_500_images/044__erob_084__embodied_robotics__erob_gripper_failure_recovery__ref_13.jpg
45,erob_086,embodied_robotics,erob_gripper_failure_recovery,topology_mutation_and_failure,dolly,dataset/images/embodied_robotics/erob_gripper_failure_recovery/ref_15.jpg,reports/video_generation_500_images/045__erob_086__embodied_robotics__erob_gripper_failure_recovery__ref_15.jpg
46,erob_099,embodied_robotics,erob_gripper_failure_recovery,topology_mutation_and_failure,dolly,dataset/images/embodied_robotics/erob_gripper_failure_recovery/ref_17.jpg,reports/video_generation_500_images/046__erob_099__embodied_robotics__erob_gripper_failure_recovery__ref_17.jpg
47,erob_100,embodied_robotics,erob_gripper_failure_recovery,topology_mutation_and_failure,dolly,dataset/images/embodied_robotics/erob_gripper_failure_recovery/ref_18.jpg,reports/video_generation_500_images/047__erob_100__embodied_robotics__erob_gripper_failure_recovery__ref_18.jpg
48,erob_193,embodied_robotics,erob_gripper_failure_recovery,topology_mutation_and_failure,dolly,dataset/images/embodied_robotics/erob_gripper_failure_recovery/ref_20.jpg,reports/video_generation_500_images/048__erob_193__embodied_robotics__erob_gripper_failure_recovery__ref_20.jpg
49,erob_195,embodied_robotics,erob_gripper_failure_recovery,topology_mutation_and_failure,dolly,dataset/images/embodied_robotics/erob_gripper_failure_recovery/ref_06.jpg,reports/video_generation_500_images/049__erob_195__embodied_robotics__erob_gripper_failure_recovery__ref_06.jpg
50,erob_051,embodied_robotics,erob_light_curtain_emergency_stop,industrial_logic_and_compliance,static,dataset/images/embodied_robotics/erob_light_curtain_emergency_stop/ref_16.jpg,reports/video_generation_500_images/050__erob_051__embodied_robotics__erob_light_curtain_emergency_stop__ref_16.jpg
51,erob_052,embodied_robotics,erob_light_curtain_emergency_stop,industrial_logic_and_compliance,static,dataset/images/embodied_robotics/erob_light_curtain_emergency_stop/ref_14.jpg,reports/video_generation_500_images/051__erob_052__embodied_robotics__erob_light_curtain_emergency_stop__ref_14.jpg
52,erob_053,embodied_robotics,erob_light_curtain_emergency_stop,industrial_logic_and_compliance,static,dataset/images/embodied_robotics/erob_light_curtain_emergency_stop/ref_17.jpg,reports/video_generation_500_images/052__erob_053__embodied_robotics__erob_light_curtain_emergency_stop__ref_17.jpg
53,erob_054,embodied_robotics,erob_light_curtain_emergency_stop,industrial_logic_and_compliance,static,dataset/images/embodied_robotics/erob_light_curtain_emergency_stop/ref_22.jpg,reports/video_generation_500_images/053__erob_054__embodied_robotics__erob_light_curtain_emergency_stop__ref_22.jpg
54,erob_055,embodied_robotics,erob_light_curtain_emergency_stop,industrial_logic_and_compliance,static,dataset/images/embodied_robotics/erob_light_curtain_emergency_stop/ref_26.jpg,reports/video_generation_500_images/054__erob_055__embodied_robotics__erob_light_curtain_emergency_stop__ref_26.jpg
55,erob_056,embodied_robotics,erob_light_curtain_emergency_stop,industrial_logic_and_compliance,static,dataset/images/embodied_robotics/erob_light_curtain_emergency_stop/ref_27.jpg,reports/video_generation_500_images/055__erob_056__embodied_robotics__erob_light_curtain_emergency_stop__ref_27.jpg
56,erob_182,embodied_robotics,erob_light_curtain_emergency_stop,industrial_logic_and_compliance,static,dataset/images/embodied_robotics/erob_light_curtain_emergency_stop/ref_18.jpg,reports/video_generation_500_images/056__erob_182__embodied_robotics__erob_light_curtain_emergency_stop__ref_18.jpg
57,erob_224,embodied_robotics,erob_light_curtain_emergency_stop,industrial_logic_and_compliance,static,dataset/images/embodied_robotics/erob_light_curtain_emergency_stop/ref_25.jpg,reports/video_generation_500_images/057__erob_224__embodied_robotics__erob_light_curtain_emergency_stop__ref_25.jpg
58,erob_072,embodied_robotics,erob_multi_robot_coordination,rigid_body_kinematics_and_coupling,pan,dataset/images/embodied_robotics/erob_multi_robot_coordination/ref_02.jpg,reports/video_generation_500_images/058__erob_072__embodied_robotics__erob_multi_robot_coordination__ref_02.jpg
59,erob_073,embodied_robotics,erob_multi_robot_coordination,rigid_body_kinematics_and_coupling,orbit,dataset/images/embodied_robotics/erob_multi_robot_coordination/ref_03.jpg,reports/video_generation_500_images/059__erob_073__embodied_robotics__erob_multi_robot_coordination__ref_03.jpg
60,erob_074,embodied_robotics,erob_multi_robot_coordination,rigid_body_kinematics_and_coupling,pan,dataset/images/embodied_robotics/erob_multi_robot_coordination/ref_04.jpg,reports/video_generation_500_images/060__erob_074__embodied_robotics__erob_multi_robot_coordination__ref_04.jpg
61,erob_075,embodied_robotics,erob_multi_robot_coordination,rigid_body_kinematics_and_coupling,orbit,dataset/images/embodied_robotics/erob_multi_robot_coordination/ref_05.jpg,reports/video_generation_500_images/061__erob_075__embodied_robotics__erob_multi_robot_coordination__ref_05.jpg
62,erob_076,embodied_robotics,erob_multi_robot_coordination,rigid_body_kinematics_and_coupling,pan,dataset/images/embodied_robotics/erob_multi_robot_coordination/ref_06.jpg,reports/video_generation_500_images/062__erob_076__embodied_robotics__erob_multi_robot_coordination__ref_06.jpg
63,erob_077,embodied_robotics,erob_multi_robot_coordination,rigid_body_kinematics_and_coupling,orbit,dataset/images/embodied_robotics/erob_multi_robot_coordination/ref_07.jpg,reports/video_generation_500_images/063__erob_077__embodied_robotics__erob_multi_robot_coordination__ref_07.jpg
64,erob_140,embodied_robotics,erob_multi_robot_coordination,rigid_body_kinematics_and_coupling,orbit,dataset/images/embodied_robotics/erob_multi_robot_coordination/ref_09.jpg,reports/video_generation_500_images/064__erob_140__embodied_robotics__erob_multi_robot_coordination__ref_09.jpg
65,erob_177,embodied_robotics,erob_multi_robot_coordination,rigid_body_kinematics_and_coupling,orbit,dataset/images/embodied_robotics/erob_multi_robot_coordination/ref_15.jpg,reports/video_generation_500_images/065__erob_177__embodied_robotics__erob_multi_robot_coordination__ref_15.jpg
66,erob_031,embodied_robotics,erob_quadruped_stairs_rubble_fpv,spatial_exploration_and_viewpoint,pan,dataset/images/embodied_robotics/erob_quadruped_stairs_rubble_fpv/ref_07.jpg,reports/video_generation_500_images/066__erob_031__embodied_robotics__erob_quadruped_stairs_rubble_fpv__ref_07.jpg
67,erob_032,embodied_robotics,erob_quadruped_stairs_rubble_fpv,spatial_exploration_and_viewpoint,orbit,dataset/images/embodied_robotics/erob_quadruped_stairs_rubble_fpv/ref_09.jpg,reports/video_generation_500_images/067__erob_032__embodied_robotics__erob_quadruped_stairs_rubble_fpv__ref_09.jpg
68,erob_033,embodied_robotics,erob_quadruped_stairs_rubble_fpv,spatial_exploration_and_viewpoint,dolly,dataset/images/embodied_robotics/erob_quadruped_stairs_rubble_fpv/ref_12.jpg,reports/video_generation_500_images/068__erob_033__embodied_robotics__erob_quadruped_stairs_rubble_fpv__ref_12.jpg
69,erob_034,embodied_robotics,erob_quadruped_stairs_rubble_fpv,spatial_exploration_and_viewpoint,pan,dataset/images/embodied_robotics/erob_quadruped_stairs_rubble_fpv/ref_13.jpg,reports/video_generation_500_images/069__erob_034__embodied_robotics__erob_quadruped_stairs_rubble_fpv__ref_13.jpg
70,erob_035,embodied_robotics,erob_quadruped_stairs_rubble_fpv,spatial_exploration_and_viewpoint,orbit,dataset/images/embodied_robotics/erob_quadruped_stairs_rubble_fpv/ref_08.jpg,reports/video_generation_500_images/070__erob_035__embodied_robotics__erob_quadruped_stairs_rubble_fpv__ref_08.jpg
71,erob_037,embodied_robotics,erob_quadruped_stairs_rubble_fpv,spatial_exploration_and_viewpoint,pan,dataset/images/embodied_robotics/erob_quadruped_stairs_rubble_fpv/ref_15.jpg,reports/video_generation_500_images/071__erob_037__embodied_robotics__erob_quadruped_stairs_rubble_fpv__ref_15.jpg
72,erob_216,embodied_robotics,erob_quadruped_stairs_rubble_fpv,spatial_exploration_and_viewpoint,pan,dataset/images/embodied_robotics/erob_quadruped_stairs_rubble_fpv/ref_14.jpg,reports/video_generation_500_images/072__erob_216__embodied_robotics__erob_quadruped_stairs_rubble_fpv__ref_14.jpg
73,erob_222,embodied_robotics,erob_quadruped_stairs_rubble_fpv,spatial_exploration_and_viewpoint,pan,dataset/images/embodied_robotics/erob_quadruped_stairs_rubble_fpv/ref_16.jpg,reports/video_generation_500_images/073__erob_222__embodied_robotics__erob_quadruped_stairs_rubble_fpv__ref_16.jpg
74,erob_001,embodied_robotics,erob_robot_arm_precision_grasp,rigid_body_kinematics_and_coupling,orbit,dataset/images/embodied_robotics/erob_robot_arm_precision_grasp/ref_01.jpg,reports/video_generation_500_images/074__erob_001__embodied_robotics__erob_robot_arm_precision_grasp__ref_01.jpg
75,erob_002,embodied_robotics,erob_robot_arm_precision_grasp,rigid_body_kinematics_and_coupling,pan,dataset/images/embodied_robotics/erob_robot_arm_precision_grasp/ref_02.jpg,reports/video_generation_500_images/075__erob_002__embodied_robotics__erob_robot_arm_precision_grasp__ref_02.jpg
76,erob_004,embodied_robotics,erob_robot_arm_precision_grasp,rigid_body_kinematics_and_coupling,pan,dataset/images/embodied_robotics/erob_robot_arm_precision_grasp/ref_08.jpg,reports/video_generation_500_images/076__erob_004__embodied_robotics__erob_robot_arm_precision_grasp__ref_08.jpg
77,erob_007,embodied_robotics,erob_robot_arm_precision_grasp,rigid_body_kinematics_and_coupling,orbit,dataset/images/embodied_robotics/erob_robot_arm_precision_grasp/ref_10.jpg,reports/video_generation_500_images/077__erob_007__embodied_robotics__erob_robot_arm_precision_grasp__ref_10.jpg
78,erob_184,embodied_robotics,erob_robot_arm_precision_grasp,rigid_body_kinematics_and_coupling,orbit,dataset/images/embodied_robotics/erob_robot_arm_precision_grasp/ref_12.jpg,reports/video_generation_500_images/078__erob_184__embodied_robotics__erob_robot_arm_precision_grasp__ref_12.jpg
79,erob_185,embodied_robotics,erob_robot_arm_precision_grasp,rigid_body_kinematics_and_coupling,orbit,dataset/images/embodied_robotics/erob_robot_arm_precision_grasp/ref_13.jpg,reports/video_generation_500_images/079__erob_185__embodied_robotics__erob_robot_arm_precision_grasp__ref_13.jpg
80,erob_186,embodied_robotics,erob_robot_arm_precision_grasp,rigid_body_kinematics_and_coupling,orbit,dataset/images/embodied_robotics/erob_robot_arm_precision_grasp/ref_14.jpg,reports/video_generation_500_images/080__erob_186__embodied_robotics__erob_robot_arm_precision_grasp__ref_14.jpg
81,erob_187,embodied_robotics,erob_robot_arm_precision_grasp,rigid_body_kinematics_and_coupling,orbit,dataset/images/embodied_robotics/erob_robot_arm_precision_grasp/ref_15.jpg,reports/video_generation_500_images/081__erob_187__embodied_robotics__erob_robot_arm_precision_grasp__ref_15.jpg
82,erob_189,embodied_robotics,erob_robot_arm_precision_grasp,rigid_body_kinematics_and_coupling,orbit,dataset/images/embodied_robotics/erob_robot_arm_precision_grasp/ref_17.jpg,reports/video_generation_500_images/082__erob_189__embodied_robotics__erob_robot_arm_precision_grasp__ref_17.jpg
83,erob_062,embodied_robotics,erob_robot_tool_contact_force,rigid_body_kinematics_and_coupling,pan,dataset/images/embodied_robotics/erob_robot_tool_contact_force/ref_02.jpg,reports/video_generation_500_images/083__erob_062__embodied_robotics__erob_robot_tool_contact_force__ref_02.jpg
84,erob_063,embodied_robotics,erob_robot_tool_contact_force,rigid_body_kinematics_and_coupling,orbit,dataset/images/embodied_robotics/erob_robot_tool_contact_force/ref_04.jpg,reports/video_generation_500_images/084__erob_063__embodied_robotics__erob_robot_tool_contact_force__ref_04.jpg
85,erob_064,embodied_robotics,erob_robot_tool_contact_force,rigid_body_kinematics_and_coupling,pan,dataset/images/embodied_robotics/erob_robot_tool_contact_force/ref_05.jpg,reports/video_generation_500_images/085__erob_064__embodied_robotics__erob_robot_tool_contact_force__ref_05.jpg
86,erob_066,embodied_robotics,erob_robot_tool_contact_force,rigid_body_kinematics_and_coupling,pan,dataset/images/embodied_robotics/erob_robot_tool_contact_force/ref_07.jpg,reports/video_generation_500_images/086__erob_066__embodied_robotics__erob_robot_tool_contact_force__ref_07.jpg
87,erob_144,embodied_robotics,erob_robot_tool_contact_force,rigid_body_kinematics_and_coupling,orbit,dataset/images/embodied_robotics/erob_robot_tool_contact_force/ref_10.jpg,reports/video_generation_500_images/087__erob_144__embodied_robotics__erob_robot_tool_contact_force__ref_10.jpg
88,erob_170,embodied_robotics,erob_robot_tool_contact_force,rigid_body_kinematics_and_coupling,orbit,dataset/images/embodied_robotics/erob_robot_tool_contact_force/ref_11.jpg,reports/video_generation_500_images/088__erob_170__embodied_robotics__erob_robot_tool_contact_force__ref_11.jpg
89,erob_174,embodied_robotics,erob_robot_tool_contact_force,rigid_body_kinematics_and_coupling,orbit,dataset/images/embodied_robotics/erob_robot_tool_contact_force/ref_15.jpg,reports/video_generation_500_images/089__erob_174__embodied_robotics__erob_robot_tool_contact_force__ref_15.jpg
90,erob_179,embodied_robotics,erob_robot_tool_contact_force,rigid_body_kinematics_and_coupling,orbit,dataset/images/embodied_robotics/erob_robot_tool_contact_force/ref_17.jpg,reports/video_generation_500_images/090__erob_179__embodied_robotics__erob_robot_tool_contact_force__ref_17.jpg
91,erob_021,embodied_robotics,erob_tracked_robot_rubble,spatial_exploration_and_viewpoint,pan,dataset/images/embodied_robotics/erob_tracked_robot_rubble/ref_03.jpg,reports/video_generation_500_images/091__erob_021__embodied_robotics__erob_tracked_robot_rubble__ref_03.jpg
92,erob_022,embodied_robotics,erob_tracked_robot_rubble,spatial_exploration_and_viewpoint,orbit,dataset/images/embodied_robotics/erob_tracked_robot_rubble/ref_02.jpg,reports/video_generation_500_images/092__erob_022__embodied_robotics__erob_tracked_robot_rubble__ref_02.jpg
93,erob_024,embodied_robotics,erob_tracked_robot_rubble,spatial_exploration_and_viewpoint,pan,dataset/images/embodied_robotics/erob_tracked_robot_rubble/ref_17.jpg,reports/video_generation_500_images/093__erob_024__embodied_robotics__erob_tracked_robot_rubble__ref_17.jpg
94,erob_025,embodied_robotics,erob_tracked_robot_rubble,spatial_exploration_and_viewpoint,orbit,dataset/images/embodied_robotics/erob_tracked_robot_rubble/ref_04.jpg,reports/video_generation_500_images/094__erob_025__embodied_robotics__erob_tracked_robot_rubble__ref_04.jpg
95,erob_026,embodied_robotics,erob_tracked_robot_rubble,spatial_exploration_and_viewpoint,dolly,dataset/images/embodied_robotics/erob_tracked_robot_rubble/ref_05.jpg,reports/video_generation_500_images/095__erob_026__embodied_robotics__erob_tracked_robot_rubble__ref_05.jpg
96,erob_027,embodied_robotics,erob_tracked_robot_rubble,spatial_exploration_and_viewpoint,pan,dataset/images/embodied_robotics/erob_tracked_robot_rubble/ref_15.jpg,reports/video_generation_500_images/096__erob_027__embodied_robotics__erob_tracked_robot_rubble__ref_15.jpg
97,erob_028,embodied_robotics,erob_tracked_robot_rubble,spatial_exploration_and_viewpoint,orbit,dataset/images/embodied_robotics/erob_tracked_robot_rubble/ref_18.jpg,reports/video_generation_500_images/097__erob_028__embodied_robotics__erob_tracked_robot_rubble__ref_18.jpg
98,erob_190,embodied_robotics,erob_tracked_robot_rubble,spatial_exploration_and_viewpoint,pan,dataset/images/embodied_robotics/erob_tracked_robot_rubble/ref_16.jpg,reports/video_generation_500_images/098__erob_190__embodied_robotics__erob_tracked_robot_rubble__ref_16.jpg
99,erob_259,embodied_robotics,erob_tracked_robot_rubble,spatial_exploration_and_viewpoint,pan,dataset/images/embodied_robotics/erob_tracked_robot_rubble/ref_06.jpg,reports/video_generation_500_images/099__erob_259__embodied_robotics__erob_tracked_robot_rubble__ref_06.jpg
100,erob_260,embodied_robotics,erob_tracked_robot_rubble,spatial_exploration_and_viewpoint,pan,dataset/images/embodied_robotics/erob_tracked_robot_rubble/ref_09.jpg,reports/video_generation_500_images/100__erob_260__embodied_robotics__erob_tracked_robot_rubble__ref_09.jpg
101,emerg_051,extreme_emergency,emerg_battery_thermal_runaway,fluid_dynamics_and_thermodynamics,static,dataset/images/extreme_emergency/emerg_battery_thermal_runaway/ref_26.jpg,reports/video_generation_500_images/101__emerg_051__extreme_emergency__emerg_battery_thermal_runaway__ref_26.jpg
102,emerg_052,extreme_emergency,emerg_battery_thermal_runaway,fluid_dynamics_and_thermodynamics,pan,dataset/images/extreme_emergency/emerg_battery_thermal_runaway/ref_12.jpg,reports/video_generation_500_images/102__emerg_052__extreme_emergency__emerg_battery_thermal_runaway__ref_12.jpg
103,emerg_053,extreme_emergency,emerg_battery_thermal_runaway,fluid_dynamics_and_thermodynamics,static,dataset/images/extreme_emergency/emerg_battery_thermal_runaway/ref_14.jpg,reports/video_generation_500_images/103__emerg_053__extreme_emergency__emerg_battery_thermal_runaway__ref_14.jpg
104,emerg_054,extreme_emergency,emerg_battery_thermal_runaway,fluid_dynamics_and_thermodynamics,pan,dataset/images/extreme_emergency/emerg_battery_thermal_runaway/ref_13.jpg,reports/video_generation_500_images/104__emerg_054__extreme_emergency__emerg_battery_thermal_runaway__ref_13.jpg
105,emerg_055,extreme_emergency,emerg_battery_thermal_runaway,fluid_dynamics_and_thermodynamics,static,dataset/images/extreme_emergency/emerg_battery_thermal_runaway/ref_16.jpg,reports/video_generation_500_images/105__emerg_055__extreme_emergency__emerg_battery_thermal_runaway__ref_16.jpg
106,emerg_056,extreme_emergency,emerg_battery_thermal_runaway,fluid_dynamics_and_thermodynamics,pan,dataset/images/extreme_emergency/emerg_battery_thermal_runaway/ref_22.jpg,reports/video_generation_500_images/106__emerg_056__extreme_emergency__emerg_battery_thermal_runaway__ref_22.jpg
107,emerg_057,extreme_emergency,emerg_battery_thermal_runaway,fluid_dynamics_and_thermodynamics,static,dataset/images/extreme_emergency/emerg_battery_thermal_runaway/ref_09.jpg,reports/video_generation_500_images/107__emerg_057__extreme_emergency__emerg_battery_thermal_runaway__ref_09.jpg
108,emerg_308,extreme_emergency,emerg_battery_thermal_runaway,fluid_dynamics_and_thermodynamics,static,dataset/images/extreme_emergency/emerg_battery_thermal_runaway/ref_11.jpg,reports/video_generation_500_images/108__emerg_308__extreme_emergency__emerg_battery_thermal_runaway__ref_11.jpg
109,emerg_085,extreme_emergency,emerg_cooling_tower_plume_failure,fluid_dynamics_and_thermodynamics,static,dataset/images/extreme_emergency/emerg_cooling_tower_plume_failure/ref_13.jpg,reports/video_generation_500_images/109__emerg_085__extreme_emergency__emerg_cooling_tower_plume_failure__ref_13.jpg
110,emerg_086,extreme_emergency,emerg_cooling_tower_plume_failure,fluid_dynamics_and_thermodynamics,pan,dataset/images/extreme_emergency/emerg_cooling_tower_plume_failure/ref_16.jpg,reports/video_generation_500_images/110__emerg_086__extreme_emergency__emerg_cooling_tower_plume_failure__ref_16.jpg
111,emerg_126,extreme_emergency,emerg_cooling_tower_plume_failure,fluid_dynamics_and_thermodynamics,static,dataset/images/extreme_emergency/emerg_cooling_tower_plume_failure/ref_26.jpg,reports/video_generation_500_images/111__emerg_126__extreme_emergency__emerg_cooling_tower_plume_failure__ref_26.jpg
112,emerg_131,extreme_emergency,emerg_cooling_tower_plume_failure,fluid_dynamics_and_thermodynamics,static,dataset/images/extreme_emergency/emerg_cooling_tower_plume_failure/ref_19.jpg,reports/video_generation_500_images/112__emerg_131__extreme_emergency__emerg_cooling_tower_plume_failure__ref_19.jpg
113,emerg_132,extreme_emergency,emerg_cooling_tower_plume_failure,fluid_dynamics_and_thermodynamics,static,dataset/images/extreme_emergency/emerg_cooling_tower_plume_failure/ref_20.jpg,reports/video_generation_500_images/113__emerg_132__extreme_emergency__emerg_cooling_tower_plume_failure__ref_20.jpg
114,emerg_133,extreme_emergency,emerg_cooling_tower_plume_failure,fluid_dynamics_and_thermodynamics,static,dataset/images/extreme_emergency/emerg_cooling_tower_plume_failure/ref_21.jpg,reports/video_generation_500_images/114__emerg_133__extreme_emergency__emerg_cooling_tower_plume_failure__ref_21.jpg
115,emerg_195,extreme_emergency,emerg_cooling_tower_plume_failure,fluid_dynamics_and_thermodynamics,static,dataset/images/extreme_emergency/emerg_cooling_tower_plume_failure/ref_25.jpg,reports/video_generation_500_images/115__emerg_195__extreme_emergency__emerg_cooling_tower_plume_failure__ref_25.jpg
116,emerg_198,extreme_emergency,emerg_cooling_tower_plume_failure,fluid_dynamics_and_thermodynamics,static,dataset/images/extreme_emergency/emerg_cooling_tower_plume_failure/ref_28.jpg,reports/video_generation_500_images/116__emerg_198__extreme_emergency__emerg_cooling_tower_plume_failure__ref_28.jpg
117,emerg_078,extreme_emergency,emerg_crane_load_drop_evacuation,industrial_logic_and_compliance,static,dataset/images/extreme_emergency/emerg_crane_load_drop_evacuation/ref_11.jpg,reports/video_generation_500_images/117__emerg_078__extreme_emergency__emerg_crane_load_drop_evacuation__ref_11.jpg
118,emerg_138,extreme_emergency,emerg_crane_load_drop_evacuation,industrial_logic_and_compliance,static,dataset/images/extreme_emergency/emerg_crane_load_drop_evacuation/ref_09.jpg,reports/video_generation_500_images/118__emerg_138__extreme_emergency__emerg_crane_load_drop_evacuation__ref_09.jpg
119,emerg_139,extreme_emergency,emerg_crane_load_drop_evacuation,industrial_logic_and_compliance,static,dataset/images/extreme_emergency/emerg_crane_load_drop_evacuation/ref_10.jpg,reports/video_generation_500_images/119__emerg_139__extreme_emergency__emerg_crane_load_drop_evacuation__ref_10.jpg
120,emerg_141,extreme_emergency,emerg_crane_load_drop_evacuation,industrial_logic_and_compliance,static,dataset/images/extreme_emergency/emerg_crane_load_drop_evacuation/ref_18.jpg,reports/video_generation_500_images/120__emerg_141__extreme_emergency__emerg_crane_load_drop_evacuation__ref_18.jpg
121,emerg_143,extreme_emergency,emerg_crane_load_drop_evacuation,industrial_logic_and_compliance,static,dataset/images/extreme_emergency/emerg_crane_load_drop_evacuation/ref_14.jpg,reports/video_generation_500_images/121__emerg_143__extreme_emergency__emerg_crane_load_drop_evacuation__ref_14.jpg
122,emerg_219,extreme_emergency,emerg_crane_load_drop_evacuation,industrial_logic_and_compliance,static,dataset/images/extreme_emergency/emerg_crane_load_drop_evacuation/ref_22.jpg,reports/video_generation_500_images/122__emerg_219__extreme_emergency__emerg_crane_load_drop_evacuation__ref_22.jpg
123,emerg_220,extreme_emergency,emerg_crane_load_drop_evacuation,industrial_logic_and_compliance,static,dataset/images/extreme_emergency/emerg_crane_load_drop_evacuation/ref_23.jpg,reports/video_generation_500_images/123__emerg_220__extreme_emergency__emerg_crane_load_drop_evacuation__ref_23.jpg
124,emerg_221,extreme_emergency,emerg_crane_load_drop_evacuation,industrial_logic_and_compliance,static,dataset/images/extreme_emergency/emerg_crane_load_drop_evacuation/ref_17.jpg,reports/video_generation_500_images/124__emerg_221__extreme_emergency__emerg_crane_load_drop_evacuation__ref_17.jpg
125,emerg_225,extreme_emergency,emerg_crane_load_drop_evacuation,industrial_logic_and_compliance,static,dataset/images/extreme_emergency/emerg_crane_load_drop_evacuation/ref_21.jpg,reports/video_generation_500_images/125__emerg_225__extreme_emergency__emerg_crane_load_drop_evacuation__ref_21.jpg
126,emerg_091,extreme_emergency,emerg_dam_or_retaining_wall_breach,topology_mutation_and_failure,dolly,dataset/images/extreme_emergency/emerg_dam_or_retaining_wall_breach/ref_01.jpg,reports/video_generation_500_images/126__emerg_091__extreme_emergency__emerg_dam_or_retaining_wall_breach__ref_01.jpg
127,emerg_092,extreme_emergency,emerg_dam_or_retaining_wall_breach,topology_mutation_and_failure,dolly,dataset/images/extreme_emergency/emerg_dam_or_retaining_wall_breach/ref_02.jpg,reports/video_generation_500_images/127__emerg_092__extreme_emergency__emerg_dam_or_retaining_wall_breach__ref_02.jpg
128,emerg_093,extreme_emergency,emerg_dam_or_retaining_wall_breach,topology_mutation_and_failure,dolly,dataset/images/extreme_emergency/emerg_dam_or_retaining_wall_breach/ref_03.jpg,reports/video_generation_500_images/128__emerg_093__extreme_emergency__emerg_dam_or_retaining_wall_breach__ref_03.jpg
129,emerg_094,extreme_emergency,emerg_dam_or_retaining_wall_breach,topology_mutation_and_failure,dolly,dataset/images/extreme_emergency/emerg_dam_or_retaining_wall_breach/ref_04.jpg,reports/video_generation_500_images/129__emerg_094__extreme_emergency__emerg_dam_or_retaining_wall_breach__ref_04.jpg
130,emerg_231,extreme_emergency,emerg_dam_or_retaining_wall_breach,topology_mutation_and_failure,dolly,dataset/images/extreme_emergency/emerg_dam_or_retaining_wall_breach/ref_12.jpg,reports/video_generation_500_images/130__emerg_231__extreme_emergency__emerg_dam_or_retaining_wall_breach__ref_12.jpg
131,emerg_232,extreme_emergency,emerg_dam_or_retaining_wall_breach,topology_mutation_and_failure,dolly,dataset/images/extreme_emergency/emerg_dam_or_retaining_wall_breach/ref_13.jpg,reports/video_generation_500_images/131__emerg_232__extreme_emergency__emerg_dam_or_retaining_wall_breach__ref_13.jpg
132,emerg_234,extreme_emergency,emerg_dam_or_retaining_wall_breach,topology_mutation_and_failure,dolly,dataset/images/extreme_emergency/emerg_dam_or_retaining_wall_breach/ref_15.jpg,reports/video_generation_500_images/132__emerg_234__extreme_emergency__emerg_dam_or_retaining_wall_breach__ref_15.jpg
133,emerg_236,extreme_emergency,emerg_dam_or_retaining_wall_breach,topology_mutation_and_failure,dolly,dataset/images/extreme_emergency/emerg_dam_or_retaining_wall_breach/ref_17.jpg,reports/video_generation_500_images/133__emerg_236__extreme_emergency__emerg_dam_or_retaining_wall_breach__ref_17.jpg
134,emerg_032,extreme_emergency,emerg_dust_explosion_confined_space,industrial_logic_and_compliance,static,dataset/images/extreme_emergency/emerg_dust_explosion_confined_space/ref_08.jpg,reports/video_generation_500_images/134__emerg_032__extreme_emergency__emerg_dust_explosion_confined_space__ref_08.jpg
135,emerg_036,extreme_emergency,emerg_dust_explosion_confined_space,industrial_logic_and_compliance,static,dataset/images/extreme_emergency/emerg_dust_explosion_confined_space/ref_12.jpg,reports/video_generation_500_images/135__emerg_036__extreme_emergency__emerg_dust_explosion_confined_space__ref_12.jpg
136,emerg_149,extreme_emergency,emerg_dust_explosion_confined_space,industrial_logic_and_compliance,static,dataset/images/extreme_emergency/emerg_dust_explosion_confined_space/ref_20.jpg,reports/video_generation_500_images/136__emerg_149__extreme_emergency__emerg_dust_explosion_confined_space__ref_20.jpg
137,emerg_151,extreme_emergency,emerg_dust_explosion_confined_space,industrial_logic_and_compliance,static,dataset/images/extreme_emergency/emerg_dust_explosion_confined_space/ref_23.jpg,reports/video_generation_500_images/137__emerg_151__extreme_emergency__emerg_dust_explosion_confined_space__ref_23.jpg
138,emerg_153,extreme_emergency,emerg_dust_explosion_confined_space,industrial_logic_and_compliance,static,dataset/images/extreme_emergency/emerg_dust_explosion_confined_space/ref_15.jpg,reports/video_generation_500_images/138__emerg_153__extreme_emergency__emerg_dust_explosion_confined_space__ref_15.jpg
139,emerg_154,extreme_emergency,emerg_dust_explosion_confined_space,industrial_logic_and_compliance,static,dataset/images/extreme_emergency/emerg_dust_explosion_confined_space/ref_31.jpg,reports/video_generation_500_images/139__emerg_154__extreme_emergency__emerg_dust_explosion_confined_space__ref_31.jpg
140,emerg_257,extreme_emergency,emerg_dust_explosion_confined_space,industrial_logic_and_compliance,static,dataset/images/extreme_emergency/emerg_dust_explosion_confined_space/ref_21.jpg,reports/video_generation_500_images/140__emerg_257__extreme_emergency__emerg_dust_explosion_confined_space__ref_21.jpg
141,emerg_261,extreme_emergency,emerg_dust_explosion_confined_space,industrial_logic_and_compliance,static,dataset/images/extreme_emergency/emerg_dust_explosion_confined_space/ref_25.jpg,reports/video_generation_500_images/141__emerg_261__extreme_emergency__emerg_dust_explosion_confined_space__ref_25.jpg
142,emerg_001,extreme_emergency,emerg_flange_high_pressure_leak,fluid_dynamics_and_thermodynamics,static,dataset/images/extreme_emergency/emerg_flange_high_pressure_leak/ref_01.jpg,reports/video_generation_500_images/142__emerg_001__extreme_emergency__emerg_flange_high_pressure_leak__ref_01.jpg
143,emerg_002,extreme_emergency,emerg_flange_high_pressure_leak,fluid_dynamics_and_thermodynamics,pan,dataset/images/extreme_emergency/emerg_flange_high_pressure_leak/ref_03.jpg,reports/video_generation_500_images/143__emerg_002__extreme_emergency__emerg_flange_high_pressure_leak__ref_03.jpg
144,emerg_003,extreme_emergency,emerg_flange_high_pressure_leak,fluid_dynamics_and_thermodynamics,static,dataset/images/extreme_emergency/emerg_flange_high_pressure_leak/ref_17.jpg,reports/video_generation_500_images/144__emerg_003__extreme_emergency__emerg_flange_high_pressure_leak__ref_17.jpg
145,emerg_004,extreme_emergency,emerg_flange_high_pressure_leak,fluid_dynamics_and_thermodynamics,pan,dataset/images/extreme_emergency/emerg_flange_high_pressure_leak/ref_18.jpg,reports/video_generation_500_images/145__emerg_004__extreme_emergency__emerg_flange_high_pressure_leak__ref_18.jpg
146,emerg_158,extreme_emergency,emerg_flange_high_pressure_leak,fluid_dynamics_and_thermodynamics,static,dataset/images/extreme_emergency/emerg_flange_high_pressure_leak/ref_04.jpg,reports/video_generation_500_images/146__emerg_158__extreme_emergency__emerg_flange_high_pressure_leak__ref_04.jpg
147,emerg_310,extreme_emergency,emerg_flange_high_pressure_leak,fluid_dynamics_and_thermodynamics,static,dataset/images/extreme_emergency/emerg_flange_high_pressure_leak/ref_06.jpg,reports/video_generation_500_images/147__emerg_310__extreme_emergency__emerg_flange_high_pressure_leak__ref_06.jpg
148,emerg_314,extreme_emergency,emerg_flange_high_pressure_leak,fluid_dynamics_and_thermodynamics,static,dataset/images/extreme_emergency/emerg_flange_high_pressure_leak/ref_10.jpg,reports/video_generation_500_images/148__emerg_314__extreme_emergency__emerg_flange_high_pressure_leak__ref_10.jpg
149,emerg_315,extreme_emergency,emerg_flange_high_pressure_leak,fluid_dynamics_and_thermodynamics,static,dataset/images/extreme_emergency/emerg_flange_high_pressure_leak/ref_11.jpg,reports/video_generation_500_images/149__emerg_315__extreme_emergency__emerg_flange_high_pressure_leak__ref_11.jpg
150,emerg_316,extreme_emergency,emerg_flange_high_pressure_leak,fluid_dynamics_and_thermodynamics,static,dataset/images/extreme_emergency/emerg_flange_high_pressure_leak/ref_12.jpg,reports/video_generation_500_images/150__emerg_316__extreme_emergency__emerg_flange_high_pressure_leak__ref_12.jpg
151,emerg_270,extreme_emergency,emerg_hot_work_spark_combustible_fire,industrial_logic_and_compliance,static,dataset/images/extreme_emergency/emerg_hot_work_spark_combustible_fire/ref_12.jpg,reports/video_generation_500_images/151__emerg_270__extreme_emergency__emerg_hot_work_spark_combustible_fire__ref_12.jpg
152,emerg_299,extreme_emergency,emerg_hot_work_spark_combustible_fire,industrial_logic_and_compliance,static,dataset/images/extreme_emergency/emerg_hot_work_spark_combustible_fire/ref_09.jpg,reports/video_generation_500_images/152__emerg_299__extreme_emergency__emerg_hot_work_spark_combustible_fire__ref_09.jpg
153,emerg_300,extreme_emergency,emerg_hot_work_spark_combustible_fire,industrial_logic_and_compliance,static,dataset/images/extreme_emergency/emerg_hot_work_spark_combustible_fire/ref_10.jpg,reports/video_generation_500_images/153__emerg_300__extreme_emergency__emerg_hot_work_spark_combustible_fire__ref_10.jpg
154,emerg_301,extreme_emergency,emerg_hot_work_spark_combustible_fire,industrial_logic_and_compliance,static,dataset/images/extreme_emergency/emerg_hot_work_spark_combustible_fire/ref_11.jpg,reports/video_generation_500_images/154__emerg_301__extreme_emergency__emerg_hot_work_spark_combustible_fire__ref_11.jpg
155,emerg_304,extreme_emergency,emerg_hot_work_spark_combustible_fire,industrial_logic_and_compliance,static,dataset/images/extreme_emergency/emerg_hot_work_spark_combustible_fire/ref_13.jpg,reports/video_generation_500_images/155__emerg_304__extreme_emergency__emerg_hot_work_spark_combustible_fire__ref_13.jpg
156,emerg_305,extreme_emergency,emerg_hot_work_spark_combustible_fire,industrial_logic_and_compliance,static,dataset/images/extreme_emergency/emerg_hot_work_spark_combustible_fire/ref_14.jpg,reports/video_generation_500_images/156__emerg_305__extreme_emergency__emerg_hot_work_spark_combustible_fire__ref_14.jpg
157,emerg_306,extreme_emergency,emerg_hot_work_spark_combustible_fire,industrial_logic_and_compliance,static,dataset/images/extreme_emergency/emerg_hot_work_spark_combustible_fire/ref_15.jpg,reports/video_generation_500_images/157__emerg_306__extreme_emergency__emerg_hot_work_spark_combustible_fire__ref_15.jpg
158,emerg_307,extreme_emergency,emerg_hot_work_spark_combustible_fire,industrial_logic_and_compliance,static,dataset/images/extreme_emergency/emerg_hot_work_spark_combustible_fire/ref_16.jpg,reports/video_generation_500_images/158__emerg_307__extreme_emergency__emerg_hot_work_spark_combustible_fire__ref_16.jpg
159,emerg_323,extreme_emergency,emerg_hot_work_spark_combustible_fire,industrial_logic_and_compliance,static,dataset/images/extreme_emergency/emerg_hot_work_spark_combustible_fire/ref_03.jpg,reports/video_generation_500_images/159__emerg_323__extreme_emergency__emerg_hot_work_spark_combustible_fire__ref_03.jpg
160,emerg_041,extreme_emergency,emerg_reactor_runaway_pressure_release,fluid_dynamics_and_thermodynamics,static,dataset/images/extreme_emergency/emerg_reactor_runaway_pressure_release/ref_01.jpg,reports/video_generation_500_images/160__emerg_041__extreme_emergency__emerg_reactor_runaway_pressure_release__ref_01.jpg
161,emerg_046,extreme_emergency,emerg_reactor_runaway_pressure_release,fluid_dynamics_and_thermodynamics,pan,dataset/images/extreme_emergency/emerg_reactor_runaway_pressure_release/ref_24.jpg,reports/video_generation_500_images/161__emerg_046__extreme_emergency__emerg_reactor_runaway_pressure_release__ref_24.jpg
162,emerg_161,extreme_emergency,emerg_reactor_runaway_pressure_release,fluid_dynamics_and_thermodynamics,static,dataset/images/extreme_emergency/emerg_reactor_runaway_pressure_release/ref_17.jpg,reports/video_generation_500_images/162__emerg_161__extreme_emergency__emerg_reactor_runaway_pressure_release__ref_17.jpg
163,emerg_162,extreme_emergency,emerg_reactor_runaway_pressure_release,fluid_dynamics_and_thermodynamics,static,dataset/images/extreme_emergency/emerg_reactor_runaway_pressure_release/ref_12.jpg,reports/video_generation_500_images/163__emerg_162__extreme_emergency__emerg_reactor_runaway_pressure_release__ref_12.jpg
164,emerg_163,extreme_emergency,emerg_reactor_runaway_pressure_release,fluid_dynamics_and_thermodynamics,static,dataset/images/extreme_emergency/emerg_reactor_runaway_pressure_release/ref_21.jpg,reports/video_generation_500_images/164__emerg_163__extreme_emergency__emerg_reactor_runaway_pressure_release__ref_21.jpg
165,emerg_164,extreme_emergency,emerg_reactor_runaway_pressure_release,fluid_dynamics_and_thermodynamics,static,dataset/images/extreme_emergency/emerg_reactor_runaway_pressure_release/ref_14.jpg,reports/video_generation_500_images/165__emerg_164__extreme_emergency__emerg_reactor_runaway_pressure_release__ref_14.jpg
166,emerg_178,extreme_emergency,emerg_reactor_runaway_pressure_release,fluid_dynamics_and_thermodynamics,static,dataset/images/extreme_emergency/emerg_reactor_runaway_pressure_release/ref_15.jpg,reports/video_generation_500_images/166__emerg_178__extreme_emergency__emerg_reactor_runaway_pressure_release__ref_15.jpg
167,emerg_179,extreme_emergency,emerg_reactor_runaway_pressure_release,fluid_dynamics_and_thermodynamics,static,dataset/images/extreme_emergency/emerg_reactor_runaway_pressure_release/ref_16.jpg,reports/video_generation_500_images/167__emerg_179__extreme_emergency__emerg_reactor_runaway_pressure_release__ref_16.jpg
168,emerg_183,extreme_emergency,emerg_reactor_runaway_pressure_release,fluid_dynamics_and_thermodynamics,static,dataset/images/extreme_emergency/emerg_reactor_runaway_pressure_release/ref_20.jpg,reports/video_generation_500_images/168__emerg_183__extreme_emergency__emerg_reactor_runaway_pressure_release__ref_20.jpg
169,emerg_280,extreme_emergency,emerg_smoke_evacuation_route_visibility,spatial_exploration_and_viewpoint,pan,dataset/images/extreme_emergency/emerg_smoke_evacuation_route_visibility/ref_11.jpg,reports/video_generation_500_images/169__emerg_280__extreme_emergency__emerg_smoke_evacuation_route_visibility__ref_11.jpg
170,emerg_294,extreme_emergency,emerg_smoke_evacuation_route_visibility,spatial_exploration_and_viewpoint,pan,dataset/images/extreme_emergency/emerg_smoke_evacuation_route_visibility/ref_12.jpg,reports/video_generation_500_images/170__emerg_294__extreme_emergency__emerg_smoke_evacuation_route_visibility__ref_12.jpg
171,emerg_298,extreme_emergency,emerg_smoke_evacuation_route_visibility,spatial_exploration_and_viewpoint,pan,dataset/images/extreme_emergency/emerg_smoke_evacuation_route_visibility/ref_16.jpg,reports/video_generation_500_images/171__emerg_298__extreme_emergency__emerg_smoke_evacuation_route_visibility__ref_16.jpg
172,emerg_324,extreme_emergency,emerg_smoke_evacuation_route_visibility,spatial_exploration_and_viewpoint,pan,dataset/images/extreme_emergency/emerg_smoke_evacuation_route_visibility/ref_01.jpg,reports/video_generation_500_images/172__emerg_324__extreme_emergency__emerg_smoke_evacuation_route_visibility__ref_01.jpg
173,emerg_327,extreme_emergency,emerg_smoke_evacuation_route_visibility,spatial_exploration_and_viewpoint,pan,dataset/images/extreme_emergency/emerg_smoke_evacuation_route_visibility/ref_04.jpg,reports/video_generation_500_images/173__emerg_327__extreme_emergency__emerg_smoke_evacuation_route_visibility__ref_04.jpg
174,emerg_328,extreme_emergency,emerg_smoke_evacuation_route_visibility,spatial_exploration_and_viewpoint,pan,dataset/images/extreme_emergency/emerg_smoke_evacuation_route_visibility/ref_05.jpg,reports/video_generation_500_images/174__emerg_328__extreme_emergency__emerg_smoke_evacuation_route_visibility__ref_05.jpg
175,emerg_329,extreme_emergency,emerg_smoke_evacuation_route_visibility,spatial_exploration_and_viewpoint,pan,dataset/images/extreme_emergency/emerg_smoke_evacuation_route_visibility/ref_06.jpg,reports/video_generation_500_images/175__emerg_329__extreme_emergency__emerg_smoke_evacuation_route_visibility__ref_06.jpg
176,emerg_333,extreme_emergency,emerg_smoke_evacuation_route_visibility,spatial_exploration_and_viewpoint,pan,dataset/images/extreme_emergency/emerg_smoke_evacuation_route_visibility/ref_10.jpg,reports/video_generation_500_images/176__emerg_333__extreme_emergency__emerg_smoke_evacuation_route_visibility__ref_10.jpg
177,emerg_011,extreme_emergency,emerg_storage_tank_flash_fire,fluid_dynamics_and_thermodynamics,static,dataset/images/extreme_emergency/emerg_storage_tank_flash_fire/ref_01.jpg,reports/video_generation_500_images/177__emerg_011__extreme_emergency__emerg_storage_tank_flash_fire__ref_01.jpg
178,emerg_012,extreme_emergency,emerg_storage_tank_flash_fire,fluid_dynamics_and_thermodynamics,pan,dataset/images/extreme_emergency/emerg_storage_tank_flash_fire/ref_26.jpg,reports/video_generation_500_images/178__emerg_012__extreme_emergency__emerg_storage_tank_flash_fire__ref_26.jpg
179,emerg_167,extreme_emergency,emerg_storage_tank_flash_fire,fluid_dynamics_and_thermodynamics,static,dataset/images/extreme_emergency/emerg_storage_tank_flash_fire/ref_13.jpg,reports/video_generation_500_images/179__emerg_167__extreme_emergency__emerg_storage_tank_flash_fire__ref_13.jpg
180,emerg_168,extreme_emergency,emerg_storage_tank_flash_fire,fluid_dynamics_and_thermodynamics,static,dataset/images/extreme_emergency/emerg_storage_tank_flash_fire/ref_20.jpg,reports/video_generation_500_images/180__emerg_168__extreme_emergency__emerg_storage_tank_flash_fire__ref_20.jpg
181,emerg_169,extreme_emergency,emerg_storage_tank_flash_fire,fluid_dynamics_and_thermodynamics,static,dataset/images/extreme_emergency/emerg_storage_tank_flash_fire/ref_22.jpg,reports/video_generation_500_images/181__emerg_169__extreme_emergency__emerg_storage_tank_flash_fire__ref_22.jpg
182,emerg_170,extreme_emergency,emerg_storage_tank_flash_fire,fluid_dynamics_and_thermodynamics,static,dataset/images/extreme_emergency/emerg_storage_tank_flash_fire/ref_23.jpg,reports/video_generation_500_images/182__emerg_170__extreme_emergency__emerg_storage_tank_flash_fire__ref_23.jpg
183,emerg_212,extreme_emergency,emerg_storage_tank_flash_fire,fluid_dynamics_and_thermodynamics,static,dataset/images/extreme_emergency/emerg_storage_tank_flash_fire/ref_19.jpg,reports/video_generation_500_images/183__emerg_212__extreme_emergency__emerg_storage_tank_flash_fire__ref_19.jpg
184,emerg_218,extreme_emergency,emerg_storage_tank_flash_fire,fluid_dynamics_and_thermodynamics,static,dataset/images/extreme_emergency/emerg_storage_tank_flash_fire/ref_25.jpg,reports/video_generation_500_images/184__emerg_218__extreme_emergency__emerg_storage_tank_flash_fire__ref_25.jpg
185,emerg_021,extreme_emergency,emerg_transmission_tower_icing_collapse,topology_mutation_and_failure,dolly,dataset/images/extreme_emergency/emerg_transmission_tower_icing_collapse/ref_12.jpg,reports/video_generation_500_images/185__emerg_021__extreme_emergency__emerg_transmission_tower_icing_collapse__ref_12.jpg
186,emerg_022,extreme_emergency,emerg_transmission_tower_icing_collapse,topology_mutation_and_failure,dolly,dataset/images/extreme_emergency/emerg_transmission_tower_icing_collapse/ref_11.jpg,reports/video_generation_500_images/186__emerg_022__extreme_emergency__emerg_transmission_tower_icing_collapse__ref_11.jpg
187,emerg_023,extreme_emergency,emerg_transmission_tower_icing_collapse,topology_mutation_and_failure,dolly,dataset/images/extreme_emergency/emerg_transmission_tower_icing_collapse/ref_14.jpg,reports/video_generation_500_images/187__emerg_023__extreme_emergency__emerg_transmission_tower_icing_collapse__ref_14.jpg
188,emerg_025,extreme_emergency,emerg_transmission_tower_icing_collapse,topology_mutation_and_failure,dolly,dataset/images/extreme_emergency/emerg_transmission_tower_icing_collapse/ref_15.jpg,reports/video_generation_500_images/188__emerg_025__extreme_emergency__emerg_transmission_tower_icing_collapse__ref_15.jpg
189,emerg_028,extreme_emergency,emerg_transmission_tower_icing_collapse,topology_mutation_and_failure,dolly,dataset/images/extreme_emergency/emerg_transmission_tower_icing_collapse/ref_08.jpg,reports/video_generation_500_images/189__emerg_028__extreme_emergency__emerg_transmission_tower_icing_collapse__ref_08.jpg
190,emerg_029,extreme_emergency,emerg_transmission_tower_icing_collapse,topology_mutation_and_failure,dolly,dataset/images/extreme_emergency/emerg_transmission_tower_icing_collapse/ref_09.jpg,reports/video_generation_500_images/190__emerg_029__extreme_emergency__emerg_transmission_tower_icing_collapse__ref_09.jpg
191,emerg_228,extreme_emergency,emerg_transmission_tower_icing_collapse,topology_mutation_and_failure,dolly,dataset/images/extreme_emergency/emerg_transmission_tower_icing_collapse/ref_13.jpg,reports/video_generation_500_images/191__emerg_228__extreme_emergency__emerg_transmission_tower_icing_collapse__ref_13.jpg
192,emerg_302,extreme_emergency,emerg_transmission_tower_icing_collapse,topology_mutation_and_failure,dolly,dataset/images/extreme_emergency/emerg_transmission_tower_icing_collapse/ref_16.jpg,reports/video_generation_500_images/192__emerg_302__extreme_emergency__emerg_transmission_tower_icing_collapse__ref_16.jpg
193,emerg_061,extreme_emergency,emerg_tunnel_fire_smoke_layering,fluid_dynamics_and_thermodynamics,static,dataset/images/extreme_emergency/emerg_tunnel_fire_smoke_layering/ref_01.jpg,reports/video_generation_500_images/193__emerg_061__extreme_emergency__emerg_tunnel_fire_smoke_layering__ref_01.jpg
194,emerg_063,extreme_emergency,emerg_tunnel_fire_smoke_layering,fluid_dynamics_and_thermodynamics,static,dataset/images/extreme_emergency/emerg_tunnel_fire_smoke_layering/ref_11.jpg,reports/video_generation_500_images/194__emerg_063__extreme_emergency__emerg_tunnel_fire_smoke_layering__ref_11.jpg
195,emerg_064,extreme_emergency,emerg_tunnel_fire_smoke_layering,fluid_dynamics_and_thermodynamics,pan,dataset/images/extreme_emergency/emerg_tunnel_fire_smoke_layering/ref_22.jpg,reports/video_generation_500_images/195__emerg_064__extreme_emergency__emerg_tunnel_fire_smoke_layering__ref_22.jpg
196,emerg_065,extreme_emergency,emerg_tunnel_fire_smoke_layering,fluid_dynamics_and_thermodynamics,static,dataset/images/extreme_emergency/emerg_tunnel_fire_smoke_layering/ref_21.jpg,reports/video_generation_500_images/196__emerg_065__extreme_emergency__emerg_tunnel_fire_smoke_layering__ref_21.jpg
197,emerg_066,extreme_emergency,emerg_tunnel_fire_smoke_layering,fluid_dynamics_and_thermodynamics,pan,dataset/images/extreme_emergency/emerg_tunnel_fire_smoke_layering/ref_19.jpg,reports/video_generation_500_images/197__emerg_066__extreme_emergency__emerg_tunnel_fire_smoke_layering__ref_19.jpg
198,emerg_174,extreme_emergency,emerg_tunnel_fire_smoke_layering,fluid_dynamics_and_thermodynamics,static,dataset/images/extreme_emergency/emerg_tunnel_fire_smoke_layering/ref_10.jpg,reports/video_generation_500_images/198__emerg_174__extreme_emergency__emerg_tunnel_fire_smoke_layering__ref_10.jpg
199,emerg_241,extreme_emergency,emerg_tunnel_fire_smoke_layering,fluid_dynamics_and_thermodynamics,static,dataset/images/extreme_emergency/emerg_tunnel_fire_smoke_layering/ref_14.jpg,reports/video_generation_500_images/199__emerg_241__extreme_emergency__emerg_tunnel_fire_smoke_layering__ref_14.jpg
200,emerg_242,extreme_emergency,emerg_tunnel_fire_smoke_layering,fluid_dynamics_and_thermodynamics,static,dataset/images/extreme_emergency/emerg_tunnel_fire_smoke_layering/ref_15.jpg,reports/video_generation_500_images/200__emerg_242__extreme_emergency__emerg_tunnel_fire_smoke_layering__ref_15.jpg
201,hload_203,heavy_load_construction,hload_blind_lift_spotter_view,spatial_exploration_and_viewpoint,pan,dataset/images/heavy_load_construction/hload_blind_lift_spotter_view/ref_05.jpg,reports/video_generation_500_images/201__hload_203__heavy_load_construction__hload_blind_lift_spotter_view__ref_05.jpg
202,hload_213,heavy_load_construction,hload_blind_lift_spotter_view,spatial_exploration_and_viewpoint,pan,dataset/images/heavy_load_construction/hload_blind_lift_spotter_view/ref_06.jpg,reports/video_generation_500_images/202__hload_213__heavy_load_construction__hload_blind_lift_spotter_view__ref_06.jpg
203,hload_220,heavy_load_construction,hload_blind_lift_spotter_view,spatial_exploration_and_viewpoint,pan,dataset/images/heavy_load_construction/hload_blind_lift_spotter_view/ref_07.jpg,reports/video_generation_500_images/203__hload_220__heavy_load_construction__hload_blind_lift_spotter_view__ref_07.jpg
204,hload_221,heavy_load_construction,hload_blind_lift_spotter_view,spatial_exploration_and_viewpoint,pan,dataset/images/heavy_load_construction/hload_blind_lift_spotter_view/ref_16.jpg,reports/video_generation_500_images/204__hload_221__heavy_load_construction__hload_blind_lift_spotter_view__ref_16.jpg
205,hload_244,heavy_load_construction,hload_blind_lift_spotter_view,spatial_exploration_and_viewpoint,pan,dataset/images/heavy_load_construction/hload_blind_lift_spotter_view/ref_20.jpg,reports/video_generation_500_images/205__hload_244__heavy_load_construction__hload_blind_lift_spotter_view__ref_20.jpg
206,hload_245,heavy_load_construction,hload_blind_lift_spotter_view,spatial_exploration_and_viewpoint,pan,dataset/images/heavy_load_construction/hload_blind_lift_spotter_view/ref_26.jpg,reports/video_generation_500_images/206__hload_245__heavy_load_construction__hload_blind_lift_spotter_view__ref_26.jpg
207,hload_250,heavy_load_construction,hload_blind_lift_spotter_view,spatial_exploration_and_viewpoint,pan,dataset/images/heavy_load_construction/hload_blind_lift_spotter_view/ref_15.jpg,reports/video_generation_500_images/207__hload_250__heavy_load_construction__hload_blind_lift_spotter_view__ref_15.jpg
208,hload_267,heavy_load_construction,hload_blind_lift_spotter_view,spatial_exploration_and_viewpoint,pan,dataset/images/heavy_load_construction/hload_blind_lift_spotter_view/ref_33.jpg,reports/video_generation_500_images/208__hload_267__heavy_load_construction__hload_blind_lift_spotter_view__ref_33.jpg
209,hload_041,heavy_load_construction,hload_bridge_segment_alignment_drone,spatial_exploration_and_viewpoint,pan,dataset/images/heavy_load_construction/hload_bridge_segment_alignment_drone/ref_03.jpg,reports/video_generation_500_images/209__hload_041__heavy_load_construction__hload_bridge_segment_alignment_drone__ref_03.jpg
210,hload_042,heavy_load_construction,hload_bridge_segment_alignment_drone,spatial_exploration_and_viewpoint,orbit,dataset/images/heavy_load_construction/hload_bridge_segment_alignment_drone/ref_04.jpg,reports/video_generation_500_images/210__hload_042__heavy_load_construction__hload_bridge_segment_alignment_drone__ref_04.jpg
211,hload_115,heavy_load_construction,hload_bridge_segment_alignment_drone,spatial_exploration_and_viewpoint,pan,dataset/images/heavy_load_construction/hload_bridge_segment_alignment_drone/ref_09.jpg,reports/video_generation_500_images/211__hload_115__heavy_load_construction__hload_bridge_segment_alignment_drone__ref_09.jpg
212,hload_121,heavy_load_construction,hload_bridge_segment_alignment_drone,spatial_exploration_and_viewpoint,pan,dataset/images/heavy_load_construction/hload_bridge_segment_alignment_drone/ref_13.jpg,reports/video_generation_500_images/212__hload_121__heavy_load_construction__hload_bridge_segment_alignment_drone__ref_13.jpg
213,hload_123,heavy_load_construction,hload_bridge_segment_alignment_drone,spatial_exploration_and_viewpoint,pan,dataset/images/heavy_load_construction/hload_bridge_segment_alignment_drone/ref_12.jpg,reports/video_generation_500_images/213__hload_123__heavy_load_construction__hload_bridge_segment_alignment_drone__ref_12.jpg
214,hload_125,heavy_load_construction,hload_bridge_segment_alignment_drone,spatial_exploration_and_viewpoint,pan,dataset/images/heavy_load_construction/hload_bridge_segment_alignment_drone/ref_19.jpg,reports/video_generation_500_images/214__hload_125__heavy_load_construction__hload_bridge_segment_alignment_drone__ref_19.jpg
215,hload_126,heavy_load_construction,hload_bridge_segment_alignment_drone,spatial_exploration_and_viewpoint,pan,dataset/images/heavy_load_construction/hload_bridge_segment_alignment_drone/ref_20.jpg,reports/video_generation_500_images/215__hload_126__heavy_load_construction__hload_bridge_segment_alignment_drone__ref_20.jpg
216,hload_127,heavy_load_construction,hload_bridge_segment_alignment_drone,spatial_exploration_and_viewpoint,pan,dataset/images/heavy_load_construction/hload_bridge_segment_alignment_drone/ref_16.jpg,reports/video_generation_500_images/216__hload_127__heavy_load_construction__hload_bridge_segment_alignment_drone__ref_16.jpg
217,hload_129,heavy_load_construction,hload_bridge_segment_alignment_drone,spatial_exploration_and_viewpoint,pan,dataset/images/heavy_load_construction/hload_bridge_segment_alignment_drone/ref_18.jpg,reports/video_generation_500_images/217__hload_129__heavy_load_construction__hload_bridge_segment_alignment_drone__ref_18.jpg
218,hload_132,heavy_load_construction,hload_bridge_segment_alignment_drone,spatial_exploration_and_viewpoint,pan,dataset/images/heavy_load_construction/hload_bridge_segment_alignment_drone/ref_21.jpg,reports/video_generation_500_images/218__hload_132__heavy_load_construction__hload_bridge_segment_alignment_drone__ref_21.jpg
219,hload_001,heavy_load_construction,hload_dual_crawler_crane_lift,rigid_body_kinematics_and_coupling,orbit,dataset/images/heavy_load_construction/hload_dual_crawler_crane_lift/ref_01.jpg,reports/video_generation_500_images/219__hload_001__heavy_load_construction__hload_dual_crawler_crane_lift__ref_01.jpg
220,hload_002,heavy_load_construction,hload_dual_crawler_crane_lift,rigid_body_kinematics_and_coupling,pan,dataset/images/heavy_load_construction/hload_dual_crawler_crane_lift/ref_02.jpg,reports/video_generation_500_images/220__hload_002__heavy_load_construction__hload_dual_crawler_crane_lift__ref_02.jpg
221,hload_005,heavy_load_construction,hload_dual_crawler_crane_lift,rigid_body_kinematics_and_coupling,orbit,dataset/images/heavy_load_construction/hload_dual_crawler_crane_lift/ref_05.jpg,reports/video_generation_500_images/221__hload_005__heavy_load_construction__hload_dual_crawler_crane_lift__ref_05.jpg
222,hload_134,heavy_load_construction,hload_dual_crawler_crane_lift,rigid_body_kinematics_and_coupling,orbit,dataset/images/heavy_load_construction/hload_dual_crawler_crane_lift/ref_11.jpg,reports/video_generation_500_images/222__hload_134__heavy_load_construction__hload_dual_crawler_crane_lift__ref_11.jpg
223,hload_136,heavy_load_construction,hload_dual_crawler_crane_lift,rigid_body_kinematics_and_coupling,orbit,dataset/images/heavy_load_construction/hload_dual_crawler_crane_lift/ref_13.jpg,reports/video_generation_500_images/223__hload_136__heavy_load_construction__hload_dual_crawler_crane_lift__ref_13.jpg
224,hload_137,heavy_load_construction,hload_dual_crawler_crane_lift,rigid_body_kinematics_and_coupling,orbit,dataset/images/heavy_load_construction/hload_dual_crawler_crane_lift/ref_14.jpg,reports/video_generation_500_images/224__hload_137__heavy_load_construction__hload_dual_crawler_crane_lift__ref_14.jpg
225,hload_138,heavy_load_construction,hload_dual_crawler_crane_lift,rigid_body_kinematics_and_coupling,orbit,dataset/images/heavy_load_construction/hload_dual_crawler_crane_lift/ref_15.jpg,reports/video_generation_500_images/225__hload_138__heavy_load_construction__hload_dual_crawler_crane_lift__ref_15.jpg
226,hload_235,heavy_load_construction,hload_dual_crawler_crane_lift,rigid_body_kinematics_and_coupling,orbit,dataset/images/heavy_load_construction/hload_dual_crawler_crane_lift/ref_16.jpg,reports/video_generation_500_images/226__hload_235__heavy_load_construction__hload_dual_crawler_crane_lift__ref_16.jpg
227,hload_051,heavy_load_construction,hload_excavator_linkage_loading,rigid_body_kinematics_and_coupling,orbit,dataset/images/heavy_load_construction/hload_excavator_linkage_loading/ref_01.jpg,reports/video_generation_500_images/227__hload_051__heavy_load_construction__hload_excavator_linkage_loading__ref_01.jpg
228,hload_056,heavy_load_construction,hload_excavator_linkage_loading,rigid_body_kinematics_and_coupling,pan,dataset/images/heavy_load_construction/hload_excavator_linkage_loading/ref_06.jpg,reports/video_generation_500_images/228__hload_056__heavy_load_construction__hload_excavator_linkage_loading__ref_06.jpg
229,hload_058,heavy_load_construction,hload_excavator_linkage_loading,rigid_body_kinematics_and_coupling,pan,dataset/images/heavy_load_construction/hload_excavator_linkage_loading/ref_08.jpg,reports/video_generation_500_images/229__hload_058__heavy_load_construction__hload_excavator_linkage_loading__ref_08.jpg
230,hload_117,heavy_load_construction,hload_excavator_linkage_loading,rigid_body_kinematics_and_coupling,orbit,dataset/images/heavy_load_construction/hload_excavator_linkage_loading/ref_10.jpg,reports/video_generation_500_images/230__hload_117__heavy_load_construction__hload_excavator_linkage_loading__ref_10.jpg
231,hload_214,heavy_load_construction,hload_excavator_linkage_loading,rigid_body_kinematics_and_coupling,orbit,dataset/images/heavy_load_construction/hload_excavator_linkage_loading/ref_12.jpg,reports/video_generation_500_images/231__hload_214__heavy_load_construction__hload_excavator_linkage_loading__ref_12.jpg
232,hload_215,heavy_load_construction,hload_excavator_linkage_loading,rigid_body_kinematics_and_coupling,orbit,dataset/images/heavy_load_construction/hload_excavator_linkage_loading/ref_13.jpg,reports/video_generation_500_images/232__hload_215__heavy_load_construction__hload_excavator_linkage_loading__ref_13.jpg
233,hload_223,heavy_load_construction,hload_excavator_linkage_loading,rigid_body_kinematics_and_coupling,orbit,dataset/images/heavy_load_construction/hload_excavator_linkage_loading/ref_14.jpg,reports/video_generation_500_images/233__hload_223__heavy_load_construction__hload_excavator_linkage_loading__ref_14.jpg
234,hload_225,heavy_load_construction,hload_excavator_linkage_loading,rigid_body_kinematics_and_coupling,orbit,dataset/images/heavy_load_construction/hload_excavator_linkage_loading/ref_16.jpg,reports/video_generation_500_images/234__hload_225__heavy_load_construction__hload_excavator_linkage_loading__ref_16.jpg
235,hload_091,heavy_load_construction,hload_formwork_collapse_local,topology_mutation_and_failure,dolly,dataset/images/heavy_load_construction/hload_formwork_collapse_local/ref_10.jpg,reports/video_generation_500_images/235__hload_091__heavy_load_construction__hload_formwork_collapse_local__ref_10.jpg
236,hload_092,heavy_load_construction,hload_formwork_collapse_local,topology_mutation_and_failure,dolly,dataset/images/heavy_load_construction/hload_formwork_collapse_local/ref_02.png,reports/video_generation_500_images/236__hload_092__heavy_load_construction__hload_formwork_collapse_local__ref_02.png
237,hload_095,heavy_load_construction,hload_formwork_collapse_local,topology_mutation_and_failure,dolly,dataset/images/heavy_load_construction/hload_formwork_collapse_local/ref_12.jpg,reports/video_generation_500_images/237__hload_095__heavy_load_construction__hload_formwork_collapse_local__ref_12.jpg
238,hload_096,heavy_load_construction,hload_formwork_collapse_local,topology_mutation_and_failure,dolly,dataset/images/heavy_load_construction/hload_formwork_collapse_local/ref_15.jpg,reports/video_generation_500_images/238__hload_096__heavy_load_construction__hload_formwork_collapse_local__ref_15.jpg
239,hload_147,heavy_load_construction,hload_formwork_collapse_local,topology_mutation_and_failure,dolly,dataset/images/heavy_load_construction/hload_formwork_collapse_local/ref_11.jpg,reports/video_generation_500_images/239__hload_147__heavy_load_construction__hload_formwork_collapse_local__ref_11.jpg
240,hload_149,heavy_load_construction,hload_formwork_collapse_local,topology_mutation_and_failure,dolly,dataset/images/heavy_load_construction/hload_formwork_collapse_local/ref_13.jpg,reports/video_generation_500_images/240__hload_149__heavy_load_construction__hload_formwork_collapse_local__ref_13.jpg
241,hload_152,heavy_load_construction,hload_formwork_collapse_local,topology_mutation_and_failure,dolly,dataset/images/heavy_load_construction/hload_formwork_collapse_local/ref_16.jpg,reports/video_generation_500_images/241__hload_152__heavy_load_construction__hload_formwork_collapse_local__ref_16.jpg
242,hload_153,heavy_load_construction,hload_formwork_collapse_local,topology_mutation_and_failure,dolly,dataset/images/heavy_load_construction/hload_formwork_collapse_local/ref_17.jpg,reports/video_generation_500_images/242__hload_153__heavy_load_construction__hload_formwork_collapse_local__ref_17.jpg
243,hload_031,heavy_load_construction,hload_gantry_wind_disturbance,rigid_body_kinematics_and_coupling,orbit,dataset/images/heavy_load_construction/hload_gantry_wind_disturbance/ref_06.jpg,reports/video_generation_500_images/243__hload_031__heavy_load_construction__hload_gantry_wind_disturbance__ref_06.jpg
244,hload_033,heavy_load_construction,hload_gantry_wind_disturbance,rigid_body_kinematics_and_coupling,orbit,dataset/images/heavy_load_construction/hload_gantry_wind_disturbance/ref_07.jpg,reports/video_generation_500_images/244__hload_033__heavy_load_construction__hload_gantry_wind_disturbance__ref_07.jpg
245,hload_157,heavy_load_construction,hload_gantry_wind_disturbance,rigid_body_kinematics_and_coupling,orbit,dataset/images/heavy_load_construction/hload_gantry_wind_disturbance/ref_23.jpg,reports/video_generation_500_images/245__hload_157__heavy_load_construction__hload_gantry_wind_disturbance__ref_23.jpg
246,hload_158,heavy_load_construction,hload_gantry_wind_disturbance,rigid_body_kinematics_and_coupling,orbit,dataset/images/heavy_load_construction/hload_gantry_wind_disturbance/ref_13.jpg,reports/video_generation_500_images/246__hload_158__heavy_load_construction__hload_gantry_wind_disturbance__ref_13.jpg
247,hload_159,heavy_load_construction,hload_gantry_wind_disturbance,rigid_body_kinematics_and_coupling,orbit,dataset/images/heavy_load_construction/hload_gantry_wind_disturbance/ref_25.jpg,reports/video_generation_500_images/247__hload_159__heavy_load_construction__hload_gantry_wind_disturbance__ref_25.jpg
248,hload_160,heavy_load_construction,hload_gantry_wind_disturbance,rigid_body_kinematics_and_coupling,orbit,dataset/images/heavy_load_construction/hload_gantry_wind_disturbance/ref_40.jpg,reports/video_generation_500_images/248__hload_160__heavy_load_construction__hload_gantry_wind_disturbance__ref_40.jpg
249,hload_165,heavy_load_construction,hload_gantry_wind_disturbance,rigid_body_kinematics_and_coupling,orbit,dataset/images/heavy_load_construction/hload_gantry_wind_disturbance/ref_20.jpg,reports/video_generation_500_images/249__hload_165__heavy_load_construction__hload_gantry_wind_disturbance__ref_20.jpg
250,hload_166,heavy_load_construction,hload_gantry_wind_disturbance,rigid_body_kinematics_and_coupling,orbit,dataset/images/heavy_load_construction/hload_gantry_wind_disturbance/ref_21.jpg,reports/video_generation_500_images/250__hload_166__heavy_load_construction__hload_gantry_wind_disturbance__ref_21.jpg
251,hload_061,heavy_load_construction,hload_ground_settlement_outrigger,topology_mutation_and_failure,dolly,dataset/images/heavy_load_construction/hload_ground_settlement_outrigger/ref_01.png,reports/video_generation_500_images/251__hload_061__heavy_load_construction__hload_ground_settlement_outrigger__ref_01.png
252,hload_062,heavy_load_construction,hload_ground_settlement_outrigger,topology_mutation_and_failure,dolly,dataset/images/heavy_load_construction/hload_ground_settlement_outrigger/ref_02.jpg,reports/video_generation_500_images/252__hload_062__heavy_load_construction__hload_ground_settlement_outrigger__ref_02.jpg
253,hload_063,heavy_load_construction,hload_ground_settlement_outrigger,topology_mutation_and_failure,dolly,dataset/images/heavy_load_construction/hload_ground_settlement_outrigger/ref_03.jpg,reports/video_generation_500_images/253__hload_063__heavy_load_construction__hload_ground_settlement_outrigger__ref_03.jpg
254,hload_069,heavy_load_construction,hload_ground_settlement_outrigger,topology_mutation_and_failure,dolly,dataset/images/heavy_load_construction/hload_ground_settlement_outrigger/ref_09.jpg,reports/video_generation_500_images/254__hload_069__heavy_load_construction__hload_ground_settlement_outrigger__ref_09.jpg
255,hload_119,heavy_load_construction,hload_ground_settlement_outrigger,topology_mutation_and_failure,dolly,dataset/images/heavy_load_construction/hload_ground_settlement_outrigger/ref_13.jpg,reports/video_generation_500_images/255__hload_119__heavy_load_construction__hload_ground_settlement_outrigger__ref_13.jpg
256,hload_226,heavy_load_construction,hload_ground_settlement_outrigger,topology_mutation_and_failure,dolly,dataset/images/heavy_load_construction/hload_ground_settlement_outrigger/ref_14.jpg,reports/video_generation_500_images/256__hload_226__heavy_load_construction__hload_ground_settlement_outrigger__ref_14.jpg
257,hload_236,heavy_load_construction,hload_ground_settlement_outrigger,topology_mutation_and_failure,dolly,dataset/images/heavy_load_construction/hload_ground_settlement_outrigger/ref_15.jpg,reports/video_generation_500_images/257__hload_236__heavy_load_construction__hload_ground_settlement_outrigger__ref_15.jpg
258,hload_237,heavy_load_construction,hload_ground_settlement_outrigger,topology_mutation_and_failure,dolly,dataset/images/heavy_load_construction/hload_ground_settlement_outrigger/ref_16.jpg,reports/video_generation_500_images/258__hload_237__heavy_load_construction__hload_ground_settlement_outrigger__ref_16.jpg
259,hload_081,heavy_load_construction,hload_hoist_collision_near_structure,industrial_logic_and_compliance,static,dataset/images/heavy_load_construction/hload_hoist_collision_near_structure/ref_01.jpg,reports/video_generation_500_images/259__hload_081__heavy_load_construction__hload_hoist_collision_near_structure__ref_01.jpg
260,hload_082,heavy_load_construction,hload_hoist_collision_near_structure,industrial_logic_and_compliance,static,dataset/images/heavy_load_construction/hload_hoist_collision_near_structure/ref_02.jpg,reports/video_generation_500_images/260__hload_082__heavy_load_construction__hload_hoist_collision_near_structure__ref_02.jpg
261,hload_083,heavy_load_construction,hload_hoist_collision_near_structure,industrial_logic_and_compliance,static,dataset/images/heavy_load_construction/hload_hoist_collision_near_structure/ref_03.jpg,reports/video_generation_500_images/261__hload_083__heavy_load_construction__hload_hoist_collision_near_structure__ref_03.jpg
262,hload_085,heavy_load_construction,hload_hoist_collision_near_structure,industrial_logic_and_compliance,static,dataset/images/heavy_load_construction/hload_hoist_collision_near_structure/ref_16.jpg,reports/video_generation_500_images/262__hload_085__heavy_load_construction__hload_hoist_collision_near_structure__ref_16.jpg
263,hload_120,heavy_load_construction,hload_hoist_collision_near_structure,industrial_logic_and_compliance,static,dataset/images/heavy_load_construction/hload_hoist_collision_near_structure/ref_08.jpg,reports/video_generation_500_images/263__hload_120__heavy_load_construction__hload_hoist_collision_near_structure__ref_08.jpg
264,hload_276,heavy_load_construction,hload_hoist_collision_near_structure,industrial_logic_and_compliance,static,dataset/images/heavy_load_construction/hload_hoist_collision_near_structure/ref_09.jpg,reports/video_generation_500_images/264__hload_276__heavy_load_construction__hload_hoist_collision_near_structure__ref_09.jpg
265,hload_277,heavy_load_construction,hload_hoist_collision_near_structure,industrial_logic_and_compliance,static,dataset/images/heavy_load_construction/hload_hoist_collision_near_structure/ref_10.jpg,reports/video_generation_500_images/265__hload_277__heavy_load_construction__hload_hoist_collision_near_structure__ref_10.jpg
266,hload_278,heavy_load_construction,hload_hoist_collision_near_structure,industrial_logic_and_compliance,static,dataset/images/heavy_load_construction/hload_hoist_collision_near_structure/ref_14.jpg,reports/video_generation_500_images/266__hload_278__heavy_load_construction__hload_hoist_collision_near_structure__ref_14.jpg
267,hload_279,heavy_load_construction,hload_hoist_collision_near_structure,industrial_logic_and_compliance,static,dataset/images/heavy_load_construction/hload_hoist_collision_near_structure/ref_15.jpg,reports/video_generation_500_images/267__hload_279__heavy_load_construction__hload_hoist_collision_near_structure__ref_15.jpg
268,hload_021,heavy_load_construction,hload_mining_truck_muddy_slope,rigid_body_kinematics_and_coupling,orbit,dataset/images/heavy_load_construction/hload_mining_truck_muddy_slope/ref_12.jpg,reports/video_generation_500_images/268__hload_021__heavy_load_construction__hload_mining_truck_muddy_slope__ref_12.jpg
269,hload_022,heavy_load_construction,hload_mining_truck_muddy_slope,rigid_body_kinematics_and_coupling,pan,dataset/images/heavy_load_construction/hload_mining_truck_muddy_slope/ref_04.jpg,reports/video_generation_500_images/269__hload_022__heavy_load_construction__hload_mining_truck_muddy_slope__ref_04.jpg
270,hload_023,heavy_load_construction,hload_mining_truck_muddy_slope,rigid_body_kinematics_and_coupling,orbit,dataset/images/heavy_load_construction/hload_mining_truck_muddy_slope/ref_08.jpg,reports/video_generation_500_images/270__hload_023__heavy_load_construction__hload_mining_truck_muddy_slope__ref_08.jpg
271,hload_025,heavy_load_construction,hload_mining_truck_muddy_slope,rigid_body_kinematics_and_coupling,orbit,dataset/images/heavy_load_construction/hload_mining_truck_muddy_slope/ref_15.jpg,reports/video_generation_500_images/271__hload_025__heavy_load_construction__hload_mining_truck_muddy_slope__ref_15.jpg
272,hload_140,heavy_load_construction,hload_mining_truck_muddy_slope,rigid_body_kinematics_and_coupling,orbit,dataset/images/heavy_load_construction/hload_mining_truck_muddy_slope/ref_09.jpg,reports/video_generation_500_images/272__hload_140__heavy_load_construction__hload_mining_truck_muddy_slope__ref_09.jpg
273,hload_141,heavy_load_construction,hload_mining_truck_muddy_slope,rigid_body_kinematics_and_coupling,orbit,dataset/images/heavy_load_construction/hload_mining_truck_muddy_slope/ref_10.jpg,reports/video_generation_500_images/273__hload_141__heavy_load_construction__hload_mining_truck_muddy_slope__ref_10.jpg
274,hload_145,heavy_load_construction,hload_mining_truck_muddy_slope,rigid_body_kinematics_and_coupling,orbit,dataset/images/heavy_load_construction/hload_mining_truck_muddy_slope/ref_14.jpg,reports/video_generation_500_images/274__hload_145__heavy_load_construction__hload_mining_truck_muddy_slope__ref_14.jpg
275,hload_239,heavy_load_construction,hload_mining_truck_muddy_slope,rigid_body_kinematics_and_coupling,orbit,dataset/images/heavy_load_construction/hload_mining_truck_muddy_slope/ref_16.jpg,reports/video_generation_500_images/275__hload_239__heavy_load_construction__hload_mining_truck_muddy_slope__ref_16.jpg
276,hload_193,heavy_load_construction,hload_sling_angle_center_of_gravity,rigid_body_kinematics_and_coupling,orbit,dataset/images/heavy_load_construction/hload_sling_angle_center_of_gravity/ref_01.jpg,reports/video_generation_500_images/276__hload_193__heavy_load_construction__hload_sling_angle_center_of_gravity__ref_01.jpg
277,hload_217,heavy_load_construction,hload_sling_angle_center_of_gravity,rigid_body_kinematics_and_coupling,orbit,dataset/images/heavy_load_construction/hload_sling_angle_center_of_gravity/ref_03.jpg,reports/video_generation_500_images/277__hload_217__heavy_load_construction__hload_sling_angle_center_of_gravity__ref_03.jpg
278,hload_218,heavy_load_construction,hload_sling_angle_center_of_gravity,rigid_body_kinematics_and_coupling,orbit,dataset/images/heavy_load_construction/hload_sling_angle_center_of_gravity/ref_04.jpg,reports/video_generation_500_images/278__hload_218__heavy_load_construction__hload_sling_angle_center_of_gravity__ref_04.jpg
279,hload_227,heavy_load_construction,hload_sling_angle_center_of_gravity,rigid_body_kinematics_and_coupling,orbit,dataset/images/heavy_load_construction/hload_sling_angle_center_of_gravity/ref_05.jpg,reports/video_generation_500_images/279__hload_227__heavy_load_construction__hload_sling_angle_center_of_gravity__ref_05.jpg
280,hload_228,heavy_load_construction,hload_sling_angle_center_of_gravity,rigid_body_kinematics_and_coupling,orbit,dataset/images/heavy_load_construction/hload_sling_angle_center_of_gravity/ref_06.jpg,reports/video_generation_500_images/280__hload_228__heavy_load_construction__hload_sling_angle_center_of_gravity__ref_06.jpg
281,hload_230,heavy_load_construction,hload_sling_angle_center_of_gravity,rigid_body_kinematics_and_coupling,orbit,dataset/images/heavy_load_construction/hload_sling_angle_center_of_gravity/ref_08.jpg,reports/video_generation_500_images/281__hload_230__heavy_load_construction__hload_sling_angle_center_of_gravity__ref_08.jpg
282,hload_231,heavy_load_construction,hload_sling_angle_center_of_gravity,rigid_body_kinematics_and_coupling,orbit,dataset/images/heavy_load_construction/hload_sling_angle_center_of_gravity/ref_09.jpg,reports/video_generation_500_images/282__hload_231__heavy_load_construction__hload_sling_angle_center_of_gravity__ref_09.jpg
283,hload_233,heavy_load_construction,hload_sling_angle_center_of_gravity,rigid_body_kinematics_and_coupling,orbit,dataset/images/heavy_load_construction/hload_sling_angle_center_of_gravity/ref_11.jpg,reports/video_generation_500_images/283__hload_233__heavy_load_construction__hload_sling_angle_center_of_gravity__ref_11.jpg
284,hload_248,heavy_load_construction,hload_sling_angle_center_of_gravity,rigid_body_kinematics_and_coupling,orbit,dataset/images/heavy_load_construction/hload_sling_angle_center_of_gravity/ref_15.jpg,reports/video_generation_500_images/284__hload_248__heavy_load_construction__hload_sling_angle_center_of_gravity__ref_15.jpg
285,hload_071,heavy_load_construction,hload_tunnel_pipe_burst_mud_surge,fluid_dynamics_and_thermodynamics,static,dataset/images/heavy_load_construction/hload_tunnel_pipe_burst_mud_surge/ref_01.jpg,reports/video_generation_500_images/285__hload_071__heavy_load_construction__hload_tunnel_pipe_burst_mud_surge__ref_01.jpg
286,hload_072,heavy_load_construction,hload_tunnel_pipe_burst_mud_surge,fluid_dynamics_and_thermodynamics,pan,dataset/images/heavy_load_construction/hload_tunnel_pipe_burst_mud_surge/ref_02.jpg,reports/video_generation_500_images/286__hload_072__heavy_load_construction__hload_tunnel_pipe_burst_mud_surge__ref_02.jpg
287,hload_076,heavy_load_construction,hload_tunnel_pipe_burst_mud_surge,fluid_dynamics_and_thermodynamics,pan,dataset/images/heavy_load_construction/hload_tunnel_pipe_burst_mud_surge/ref_11.jpg,reports/video_generation_500_images/287__hload_076__heavy_load_construction__hload_tunnel_pipe_burst_mud_surge__ref_11.jpg
288,hload_077,heavy_load_construction,hload_tunnel_pipe_burst_mud_surge,fluid_dynamics_and_thermodynamics,static,dataset/images/heavy_load_construction/hload_tunnel_pipe_burst_mud_surge/ref_12.jpg,reports/video_generation_500_images/288__hload_077__heavy_load_construction__hload_tunnel_pipe_burst_mud_surge__ref_12.jpg
289,hload_109,heavy_load_construction,hload_tunnel_pipe_burst_mud_surge,fluid_dynamics_and_thermodynamics,static,dataset/images/heavy_load_construction/hload_tunnel_pipe_burst_mud_surge/ref_09.jpg,reports/video_generation_500_images/289__hload_109__heavy_load_construction__hload_tunnel_pipe_burst_mud_surge__ref_09.jpg
290,hload_219,heavy_load_construction,hload_tunnel_pipe_burst_mud_surge,fluid_dynamics_and_thermodynamics,static,dataset/images/heavy_load_construction/hload_tunnel_pipe_burst_mud_surge/ref_14.jpg,reports/video_generation_500_images/290__hload_219__heavy_load_construction__hload_tunnel_pipe_burst_mud_surge__ref_14.jpg
291,hload_241,heavy_load_construction,hload_tunnel_pipe_burst_mud_surge,fluid_dynamics_and_thermodynamics,static,dataset/images/heavy_load_construction/hload_tunnel_pipe_burst_mud_surge/ref_15.jpg,reports/video_generation_500_images/291__hload_241__heavy_load_construction__hload_tunnel_pipe_burst_mud_surge__ref_15.jpg
292,hload_242,heavy_load_construction,hload_tunnel_pipe_burst_mud_surge,fluid_dynamics_and_thermodynamics,static,dataset/images/heavy_load_construction/hload_tunnel_pipe_burst_mud_surge/ref_16.jpg,reports/video_generation_500_images/292__hload_242__heavy_load_construction__hload_tunnel_pipe_burst_mud_surge__ref_16.jpg
293,hload_011,heavy_load_construction,hload_wire_rope_overload_snap,topology_mutation_and_failure,dolly,dataset/images/heavy_load_construction/hload_wire_rope_overload_snap/ref_01.jpg,reports/video_generation_500_images/293__hload_011__heavy_load_construction__hload_wire_rope_overload_snap__ref_01.jpg
294,hload_012,heavy_load_construction,hload_wire_rope_overload_snap,topology_mutation_and_failure,dolly,dataset/images/heavy_load_construction/hload_wire_rope_overload_snap/ref_02.jpg,reports/video_generation_500_images/294__hload_012__heavy_load_construction__hload_wire_rope_overload_snap__ref_02.jpg
295,hload_014,heavy_load_construction,hload_wire_rope_overload_snap,topology_mutation_and_failure,dolly,dataset/images/heavy_load_construction/hload_wire_rope_overload_snap/ref_14.jpg,reports/video_generation_500_images/295__hload_014__heavy_load_construction__hload_wire_rope_overload_snap__ref_14.jpg
296,hload_015,heavy_load_construction,hload_wire_rope_overload_snap,topology_mutation_and_failure,dolly,dataset/images/heavy_load_construction/hload_wire_rope_overload_snap/ref_15.jpg,reports/video_generation_500_images/296__hload_015__heavy_load_construction__hload_wire_rope_overload_snap__ref_15.jpg
297,hload_018,heavy_load_construction,hload_wire_rope_overload_snap,topology_mutation_and_failure,dolly,dataset/images/heavy_load_construction/hload_wire_rope_overload_snap/ref_18.jpg,reports/video_generation_500_images/297__hload_018__heavy_load_construction__hload_wire_rope_overload_snap__ref_18.jpg
298,hload_281,heavy_load_construction,hload_wire_rope_overload_snap,topology_mutation_and_failure,dolly,dataset/images/heavy_load_construction/hload_wire_rope_overload_snap/ref_09.jpg,reports/video_generation_500_images/298__hload_281__heavy_load_construction__hload_wire_rope_overload_snap__ref_09.jpg
299,hload_284,heavy_load_construction,hload_wire_rope_overload_snap,topology_mutation_and_failure,dolly,dataset/images/heavy_load_construction/hload_wire_rope_overload_snap/ref_11.jpg,reports/video_generation_500_images/299__hload_284__heavy_load_construction__hload_wire_rope_overload_snap__ref_11.jpg
300,hload_286,heavy_load_construction,hload_wire_rope_overload_snap,topology_mutation_and_failure,dolly,dataset/images/heavy_load_construction/hload_wire_rope_overload_snap/ref_13.jpg,reports/video_generation_500_images/300__hload_286__heavy_load_construction__hload_wire_rope_overload_snap__ref_13.jpg
301,pdef_031,precision_defect_gen,pdef_cnc_curved_surface_cutting,rigid_body_kinematics_and_coupling,orbit,dataset/images/precision_defect_gen/pdef_cnc_curved_surface_cutting/ref_01.jpg,reports/video_generation_500_images/301__pdef_031__precision_defect_gen__pdef_cnc_curved_surface_cutting__ref_01.jpg
302,pdef_032,precision_defect_gen,pdef_cnc_curved_surface_cutting,rigid_body_kinematics_and_coupling,pan,dataset/images/precision_defect_gen/pdef_cnc_curved_surface_cutting/ref_02.jpg,reports/video_generation_500_images/302__pdef_032__precision_defect_gen__pdef_cnc_curved_surface_cutting__ref_02.jpg
303,pdef_036,precision_defect_gen,pdef_cnc_curved_surface_cutting,rigid_body_kinematics_and_coupling,pan,dataset/images/precision_defect_gen/pdef_cnc_curved_surface_cutting/ref_06.jpg,reports/video_generation_500_images/303__pdef_036__precision_defect_gen__pdef_cnc_curved_surface_cutting__ref_06.jpg
304,pdef_101,precision_defect_gen,pdef_cnc_curved_surface_cutting,rigid_body_kinematics_and_coupling,orbit,dataset/images/precision_defect_gen/pdef_cnc_curved_surface_cutting/ref_10.jpg,reports/video_generation_500_images/304__pdef_101__precision_defect_gen__pdef_cnc_curved_surface_cutting__ref_10.jpg
305,pdef_107,precision_defect_gen,pdef_cnc_curved_surface_cutting,rigid_body_kinematics_and_coupling,orbit,dataset/images/precision_defect_gen/pdef_cnc_curved_surface_cutting/ref_13.jpg,reports/video_generation_500_images/305__pdef_107__precision_defect_gen__pdef_cnc_curved_surface_cutting__ref_13.jpg
306,pdef_128,precision_defect_gen,pdef_cnc_curved_surface_cutting,rigid_body_kinematics_and_coupling,orbit,dataset/images/precision_defect_gen/pdef_cnc_curved_surface_cutting/ref_14.jpg,reports/video_generation_500_images/306__pdef_128__precision_defect_gen__pdef_cnc_curved_surface_cutting__ref_14.jpg
307,pdef_129,precision_defect_gen,pdef_cnc_curved_surface_cutting,rigid_body_kinematics_and_coupling,orbit,dataset/images/precision_defect_gen/pdef_cnc_curved_surface_cutting/ref_15.jpg,reports/video_generation_500_images/307__pdef_129__precision_defect_gen__pdef_cnc_curved_surface_cutting__ref_15.jpg
308,pdef_130,precision_defect_gen,pdef_cnc_curved_surface_cutting,rigid_body_kinematics_and_coupling,orbit,dataset/images/precision_defect_gen/pdef_cnc_curved_surface_cutting/ref_16.jpg,reports/video_generation_500_images/308__pdef_130__precision_defect_gen__pdef_cnc_curved_surface_cutting__ref_16.jpg
309,pdef_081,precision_defect_gen,pdef_connector_pin_bent,topology_mutation_and_failure,dolly,dataset/images/precision_defect_gen/pdef_connector_pin_bent/ref_02.jpg,reports/video_generation_500_images/309__pdef_081__precision_defect_gen__pdef_connector_pin_bent__ref_02.jpg
310,pdef_086,precision_defect_gen,pdef_connector_pin_bent,topology_mutation_and_failure,dolly,dataset/images/precision_defect_gen/pdef_connector_pin_bent/ref_06.jpg,reports/video_generation_500_images/310__pdef_086__precision_defect_gen__pdef_connector_pin_bent__ref_06.jpg
311,pdef_087,precision_defect_gen,pdef_connector_pin_bent,topology_mutation_and_failure,dolly,dataset/images/precision_defect_gen/pdef_connector_pin_bent/ref_07.jpg,reports/video_generation_500_images/311__pdef_087__precision_defect_gen__pdef_connector_pin_bent__ref_07.jpg
312,pdef_131,precision_defect_gen,pdef_connector_pin_bent,topology_mutation_and_failure,dolly,dataset/images/precision_defect_gen/pdef_connector_pin_bent/ref_09.jpg,reports/video_generation_500_images/312__pdef_131__precision_defect_gen__pdef_connector_pin_bent__ref_09.jpg
313,pdef_142,precision_defect_gen,pdef_connector_pin_bent,topology_mutation_and_failure,dolly,dataset/images/precision_defect_gen/pdef_connector_pin_bent/ref_13.jpg,reports/video_generation_500_images/313__pdef_142__precision_defect_gen__pdef_connector_pin_bent__ref_13.jpg
314,pdef_143,precision_defect_gen,pdef_connector_pin_bent,topology_mutation_and_failure,dolly,dataset/images/precision_defect_gen/pdef_connector_pin_bent/ref_14.jpg,reports/video_generation_500_images/314__pdef_143__precision_defect_gen__pdef_connector_pin_bent__ref_14.jpg
315,pdef_147,precision_defect_gen,pdef_connector_pin_bent,topology_mutation_and_failure,dolly,dataset/images/precision_defect_gen/pdef_connector_pin_bent/ref_15.jpg,reports/video_generation_500_images/315__pdef_147__precision_defect_gen__pdef_connector_pin_bent__ref_15.jpg
316,pdef_148,precision_defect_gen,pdef_connector_pin_bent,topology_mutation_and_failure,dolly,dataset/images/precision_defect_gen/pdef_connector_pin_bent/ref_16.jpg,reports/video_generation_500_images/316__pdef_148__precision_defect_gen__pdef_connector_pin_bent__ref_16.jpg
317,pdef_041,precision_defect_gen,pdef_cutting_fluid_spray,fluid_dynamics_and_thermodynamics,static,dataset/images/precision_defect_gen/pdef_cutting_fluid_spray/ref_01.jpg,reports/video_generation_500_images/317__pdef_041__precision_defect_gen__pdef_cutting_fluid_spray__ref_01.jpg
318,pdef_042,precision_defect_gen,pdef_cutting_fluid_spray,fluid_dynamics_and_thermodynamics,pan,dataset/images/precision_defect_gen/pdef_cutting_fluid_spray/ref_02.jpg,reports/video_generation_500_images/318__pdef_042__precision_defect_gen__pdef_cutting_fluid_spray__ref_02.jpg
319,pdef_043,precision_defect_gen,pdef_cutting_fluid_spray,fluid_dynamics_and_thermodynamics,static,dataset/images/precision_defect_gen/pdef_cutting_fluid_spray/ref_03.jpg,reports/video_generation_500_images/319__pdef_043__precision_defect_gen__pdef_cutting_fluid_spray__ref_03.jpg
320,pdef_044,precision_defect_gen,pdef_cutting_fluid_spray,fluid_dynamics_and_thermodynamics,pan,dataset/images/precision_defect_gen/pdef_cutting_fluid_spray/ref_04.jpg,reports/video_generation_500_images/320__pdef_044__precision_defect_gen__pdef_cutting_fluid_spray__ref_04.jpg
321,pdef_045,precision_defect_gen,pdef_cutting_fluid_spray,fluid_dynamics_and_thermodynamics,static,dataset/images/precision_defect_gen/pdef_cutting_fluid_spray/ref_05.jpg,reports/video_generation_500_images/321__pdef_045__precision_defect_gen__pdef_cutting_fluid_spray__ref_05.jpg
322,pdef_047,precision_defect_gen,pdef_cutting_fluid_spray,fluid_dynamics_and_thermodynamics,static,dataset/images/precision_defect_gen/pdef_cutting_fluid_spray/ref_17.jpg,reports/video_generation_500_images/322__pdef_047__precision_defect_gen__pdef_cutting_fluid_spray__ref_17.jpg
323,pdef_164,precision_defect_gen,pdef_cutting_fluid_spray,fluid_dynamics_and_thermodynamics,static,dataset/images/precision_defect_gen/pdef_cutting_fluid_spray/ref_07.jpg,reports/video_generation_500_images/323__pdef_164__precision_defect_gen__pdef_cutting_fluid_spray__ref_07.jpg
324,pdef_165,precision_defect_gen,pdef_cutting_fluid_spray,fluid_dynamics_and_thermodynamics,static,dataset/images/precision_defect_gen/pdef_cutting_fluid_spray/ref_11.jpg,reports/video_generation_500_images/324__pdef_165__precision_defect_gen__pdef_cutting_fluid_spray__ref_11.jpg
325,pdef_166,precision_defect_gen,pdef_cutting_fluid_spray,fluid_dynamics_and_thermodynamics,static,dataset/images/precision_defect_gen/pdef_cutting_fluid_spray/ref_12.jpg,reports/video_generation_500_images/325__pdef_166__precision_defect_gen__pdef_cutting_fluid_spray__ref_12.jpg
326,pdef_011,precision_defect_gen,pdef_engine_endoscope_crack,spatial_exploration_and_viewpoint,pan,dataset/images/precision_defect_gen/pdef_engine_endoscope_crack/ref_01.jpg,reports/video_generation_500_images/326__pdef_011__precision_defect_gen__pdef_engine_endoscope_crack__ref_01.jpg
327,pdef_012,precision_defect_gen,pdef_engine_endoscope_crack,spatial_exploration_and_viewpoint,orbit,dataset/images/precision_defect_gen/pdef_engine_endoscope_crack/ref_02.jpg,reports/video_generation_500_images/327__pdef_012__precision_defect_gen__pdef_engine_endoscope_crack__ref_02.jpg
328,pdef_015,precision_defect_gen,pdef_engine_endoscope_crack,spatial_exploration_and_viewpoint,orbit,dataset/images/precision_defect_gen/pdef_engine_endoscope_crack/ref_10.jpg,reports/video_generation_500_images/328__pdef_015__precision_defect_gen__pdef_engine_endoscope_crack__ref_10.jpg
329,pdef_016,precision_defect_gen,pdef_engine_endoscope_crack,spatial_exploration_and_viewpoint,dolly,dataset/images/precision_defect_gen/pdef_engine_endoscope_crack/ref_11.jpg,reports/video_generation_500_images/329__pdef_016__precision_defect_gen__pdef_engine_endoscope_crack__ref_11.jpg
330,pdef_018,precision_defect_gen,pdef_engine_endoscope_crack,spatial_exploration_and_viewpoint,orbit,dataset/images/precision_defect_gen/pdef_engine_endoscope_crack/ref_13.jpg,reports/video_generation_500_images/330__pdef_018__precision_defect_gen__pdef_engine_endoscope_crack__ref_13.jpg
331,pdef_134,precision_defect_gen,pdef_engine_endoscope_crack,spatial_exploration_and_viewpoint,pan,dataset/images/precision_defect_gen/pdef_engine_endoscope_crack/ref_14.jpg,reports/video_generation_500_images/331__pdef_134__precision_defect_gen__pdef_engine_endoscope_crack__ref_14.jpg
332,pdef_136,precision_defect_gen,pdef_engine_endoscope_crack,spatial_exploration_and_viewpoint,pan,dataset/images/precision_defect_gen/pdef_engine_endoscope_crack/ref_16.jpg,reports/video_generation_500_images/332__pdef_136__precision_defect_gen__pdef_engine_endoscope_crack__ref_16.jpg
333,pdef_175,precision_defect_gen,pdef_engine_endoscope_crack,spatial_exploration_and_viewpoint,pan,dataset/images/precision_defect_gen/pdef_engine_endoscope_crack/ref_08.jpg,reports/video_generation_500_images/333__pdef_175__precision_defect_gen__pdef_engine_endoscope_crack__ref_08.jpg
334,pdef_176,precision_defect_gen,pdef_engine_endoscope_crack,spatial_exploration_and_viewpoint,pan,dataset/images/precision_defect_gen/pdef_engine_endoscope_crack/ref_09.jpg,reports/video_generation_500_images/334__pdef_176__precision_defect_gen__pdef_engine_endoscope_crack__ref_09.jpg
335,pdef_118,precision_defect_gen,pdef_flange_seal_micro_leak,topology_mutation_and_failure,dolly,dataset/images/precision_defect_gen/pdef_flange_seal_micro_leak/ref_16.jpg,reports/video_generation_500_images/335__pdef_118__precision_defect_gen__pdef_flange_seal_micro_leak__ref_16.jpg
336,pdef_153,precision_defect_gen,pdef_flange_seal_micro_leak,topology_mutation_and_failure,dolly,dataset/images/precision_defect_gen/pdef_flange_seal_micro_leak/ref_17.jpg,reports/video_generation_500_images/336__pdef_153__precision_defect_gen__pdef_flange_seal_micro_leak__ref_17.jpg
337,pdef_154,precision_defect_gen,pdef_flange_seal_micro_leak,topology_mutation_and_failure,dolly,dataset/images/precision_defect_gen/pdef_flange_seal_micro_leak/ref_18.jpg,reports/video_generation_500_images/337__pdef_154__precision_defect_gen__pdef_flange_seal_micro_leak__ref_18.jpg
338,pdef_181,precision_defect_gen,pdef_flange_seal_micro_leak,topology_mutation_and_failure,dolly,dataset/images/precision_defect_gen/pdef_flange_seal_micro_leak/ref_05.jpg,reports/video_generation_500_images/338__pdef_181__precision_defect_gen__pdef_flange_seal_micro_leak__ref_05.jpg
339,pdef_183,precision_defect_gen,pdef_flange_seal_micro_leak,topology_mutation_and_failure,dolly,dataset/images/precision_defect_gen/pdef_flange_seal_micro_leak/ref_07.jpg,reports/video_generation_500_images/339__pdef_183__precision_defect_gen__pdef_flange_seal_micro_leak__ref_07.jpg
340,pdef_184,precision_defect_gen,pdef_flange_seal_micro_leak,topology_mutation_and_failure,dolly,dataset/images/precision_defect_gen/pdef_flange_seal_micro_leak/ref_08.jpg,reports/video_generation_500_images/340__pdef_184__precision_defect_gen__pdef_flange_seal_micro_leak__ref_08.jpg
341,pdef_185,precision_defect_gen,pdef_flange_seal_micro_leak,topology_mutation_and_failure,dolly,dataset/images/precision_defect_gen/pdef_flange_seal_micro_leak/ref_09.jpg,reports/video_generation_500_images/341__pdef_185__precision_defect_gen__pdef_flange_seal_micro_leak__ref_09.jpg
342,pdef_186,precision_defect_gen,pdef_flange_seal_micro_leak,topology_mutation_and_failure,dolly,dataset/images/precision_defect_gen/pdef_flange_seal_micro_leak/ref_10.jpg,reports/video_generation_500_images/342__pdef_186__precision_defect_gen__pdef_flange_seal_micro_leak__ref_10.jpg
343,pdef_108,precision_defect_gen,pdef_gauge_level_valve_anomaly,spatial_exploration_and_viewpoint,pan,dataset/images/precision_defect_gen/pdef_gauge_level_valve_anomaly/ref_01.jpg,reports/video_generation_500_images/343__pdef_108__precision_defect_gen__pdef_gauge_level_valve_anomaly__ref_01.jpg
344,pdef_137,precision_defect_gen,pdef_gauge_level_valve_anomaly,spatial_exploration_and_viewpoint,pan,dataset/images/precision_defect_gen/pdef_gauge_level_valve_anomaly/ref_15.jpg,reports/video_generation_500_images/344__pdef_137__precision_defect_gen__pdef_gauge_level_valve_anomaly__ref_15.jpg
345,pdef_144,precision_defect_gen,pdef_gauge_level_valve_anomaly,spatial_exploration_and_viewpoint,pan,dataset/images/precision_defect_gen/pdef_gauge_level_valve_anomaly/ref_18.jpg,reports/video_generation_500_images/345__pdef_144__precision_defect_gen__pdef_gauge_level_valve_anomaly__ref_18.jpg
346,pdef_145,precision_defect_gen,pdef_gauge_level_valve_anomaly,spatial_exploration_and_viewpoint,pan,dataset/images/precision_defect_gen/pdef_gauge_level_valve_anomaly/ref_19.jpg,reports/video_generation_500_images/346__pdef_145__precision_defect_gen__pdef_gauge_level_valve_anomaly__ref_19.jpg
347,pdef_150,precision_defect_gen,pdef_gauge_level_valve_anomaly,spatial_exploration_and_viewpoint,pan,dataset/images/precision_defect_gen/pdef_gauge_level_valve_anomaly/ref_22.jpg,reports/video_generation_500_images/347__pdef_150__precision_defect_gen__pdef_gauge_level_valve_anomaly__ref_22.jpg
348,pdef_151,precision_defect_gen,pdef_gauge_level_valve_anomaly,spatial_exploration_and_viewpoint,pan,dataset/images/precision_defect_gen/pdef_gauge_level_valve_anomaly/ref_23.jpg,reports/video_generation_500_images/348__pdef_151__precision_defect_gen__pdef_gauge_level_valve_anomaly__ref_23.jpg
349,pdef_191,precision_defect_gen,pdef_gauge_level_valve_anomaly,spatial_exploration_and_viewpoint,pan,dataset/images/precision_defect_gen/pdef_gauge_level_valve_anomaly/ref_05.jpg,reports/video_generation_500_images/349__pdef_191__precision_defect_gen__pdef_gauge_level_valve_anomaly__ref_05.jpg
350,pdef_192,precision_defect_gen,pdef_gauge_level_valve_anomaly,spatial_exploration_and_viewpoint,pan,dataset/images/precision_defect_gen/pdef_gauge_level_valve_anomaly/ref_06.jpg,reports/video_generation_500_images/350__pdef_192__precision_defect_gen__pdef_gauge_level_valve_anomaly__ref_06.jpg
351,pdef_021,precision_defect_gen,pdef_gear_tooth_missing_wear,topology_mutation_and_failure,dolly,dataset/images/precision_defect_gen/pdef_gear_tooth_missing_wear/ref_17.jpg,reports/video_generation_500_images/351__pdef_021__precision_defect_gen__pdef_gear_tooth_missing_wear__ref_17.jpg
352,pdef_022,precision_defect_gen,pdef_gear_tooth_missing_wear,topology_mutation_and_failure,dolly,dataset/images/precision_defect_gen/pdef_gear_tooth_missing_wear/ref_02.jpg,reports/video_generation_500_images/352__pdef_022__precision_defect_gen__pdef_gear_tooth_missing_wear__ref_02.jpg
353,pdef_196,precision_defect_gen,pdef_gear_tooth_missing_wear,topology_mutation_and_failure,dolly,dataset/images/precision_defect_gen/pdef_gear_tooth_missing_wear/ref_07.jpg,reports/video_generation_500_images/353__pdef_196__precision_defect_gen__pdef_gear_tooth_missing_wear__ref_07.jpg
354,pdef_197,precision_defect_gen,pdef_gear_tooth_missing_wear,topology_mutation_and_failure,dolly,dataset/images/precision_defect_gen/pdef_gear_tooth_missing_wear/ref_08.jpg,reports/video_generation_500_images/354__pdef_197__precision_defect_gen__pdef_gear_tooth_missing_wear__ref_08.jpg
355,pdef_201,precision_defect_gen,pdef_gear_tooth_missing_wear,topology_mutation_and_failure,dolly,dataset/images/precision_defect_gen/pdef_gear_tooth_missing_wear/ref_12.jpg,reports/video_generation_500_images/355__pdef_201__precision_defect_gen__pdef_gear_tooth_missing_wear__ref_12.jpg
356,pdef_202,precision_defect_gen,pdef_gear_tooth_missing_wear,topology_mutation_and_failure,dolly,dataset/images/precision_defect_gen/pdef_gear_tooth_missing_wear/ref_13.jpg,reports/video_generation_500_images/356__pdef_202__precision_defect_gen__pdef_gear_tooth_missing_wear__ref_13.jpg
357,pdef_204,precision_defect_gen,pdef_gear_tooth_missing_wear,topology_mutation_and_failure,dolly,dataset/images/precision_defect_gen/pdef_gear_tooth_missing_wear/ref_15.jpg,reports/video_generation_500_images/357__pdef_204__precision_defect_gen__pdef_gear_tooth_missing_wear__ref_15.jpg
358,pdef_205,precision_defect_gen,pdef_gear_tooth_missing_wear,topology_mutation_and_failure,dolly,dataset/images/precision_defect_gen/pdef_gear_tooth_missing_wear/ref_16.jpg,reports/video_generation_500_images/358__pdef_205__precision_defect_gen__pdef_gear_tooth_missing_wear__ref_16.jpg
359,pdef_001,precision_defect_gen,pdef_pcb_solder_bridge_short,topology_mutation_and_failure,dolly,dataset/images/precision_defect_gen/pdef_pcb_solder_bridge_short/ref_01.png,reports/video_generation_500_images/359__pdef_001__precision_defect_gen__pdef_pcb_solder_bridge_short__ref_01.png
360,pdef_002,precision_defect_gen,pdef_pcb_solder_bridge_short,topology_mutation_and_failure,dolly,dataset/images/precision_defect_gen/pdef_pcb_solder_bridge_short/ref_02.jpg,reports/video_generation_500_images/360__pdef_002__precision_defect_gen__pdef_pcb_solder_bridge_short__ref_02.jpg
361,pdef_003,precision_defect_gen,pdef_pcb_solder_bridge_short,topology_mutation_and_failure,dolly,dataset/images/precision_defect_gen/pdef_pcb_solder_bridge_short/ref_03.jpg,reports/video_generation_500_images/361__pdef_003__precision_defect_gen__pdef_pcb_solder_bridge_short__ref_03.jpg
362,pdef_004,precision_defect_gen,pdef_pcb_solder_bridge_short,topology_mutation_and_failure,dolly,dataset/images/precision_defect_gen/pdef_pcb_solder_bridge_short/ref_04.jpg,reports/video_generation_500_images/362__pdef_004__precision_defect_gen__pdef_pcb_solder_bridge_short__ref_04.jpg
363,pdef_008,precision_defect_gen,pdef_pcb_solder_bridge_short,topology_mutation_and_failure,dolly,dataset/images/precision_defect_gen/pdef_pcb_solder_bridge_short/ref_08.jpg,reports/video_generation_500_images/363__pdef_008__precision_defect_gen__pdef_pcb_solder_bridge_short__ref_08.jpg
364,pdef_009,precision_defect_gen,pdef_pcb_solder_bridge_short,topology_mutation_and_failure,dolly,dataset/images/precision_defect_gen/pdef_pcb_solder_bridge_short/ref_09.jpg,reports/video_generation_500_images/364__pdef_009__precision_defect_gen__pdef_pcb_solder_bridge_short__ref_09.jpg
365,pdef_140,precision_defect_gen,pdef_pcb_solder_bridge_short,topology_mutation_and_failure,dolly,dataset/images/precision_defect_gen/pdef_pcb_solder_bridge_short/ref_16.jpg,reports/video_generation_500_images/365__pdef_140__precision_defect_gen__pdef_pcb_solder_bridge_short__ref_16.jpg
366,pdef_209,precision_defect_gen,pdef_pcb_solder_bridge_short,topology_mutation_and_failure,dolly,dataset/images/precision_defect_gen/pdef_pcb_solder_bridge_short/ref_14.jpg,reports/video_generation_500_images/366__pdef_209__precision_defect_gen__pdef_pcb_solder_bridge_short__ref_14.jpg
367,pdef_210,precision_defect_gen,pdef_pcb_solder_bridge_short,topology_mutation_and_failure,dolly,dataset/images/precision_defect_gen/pdef_pcb_solder_bridge_short/ref_15.jpg,reports/video_generation_500_images/367__pdef_210__precision_defect_gen__pdef_pcb_solder_bridge_short__ref_15.jpg
368,pdef_091,precision_defect_gen,pdef_precision_assembly_misalignment,rigid_body_kinematics_and_coupling,orbit,dataset/images/precision_defect_gen/pdef_precision_assembly_misalignment/ref_09.jpg,reports/video_generation_500_images/368__pdef_091__precision_defect_gen__pdef_precision_assembly_misalignment__ref_09.jpg
369,pdef_092,precision_defect_gen,pdef_precision_assembly_misalignment,rigid_body_kinematics_and_coupling,pan,dataset/images/precision_defect_gen/pdef_precision_assembly_misalignment/ref_11.jpg,reports/video_generation_500_images/369__pdef_092__precision_defect_gen__pdef_precision_assembly_misalignment__ref_11.jpg
370,pdef_093,precision_defect_gen,pdef_precision_assembly_misalignment,rigid_body_kinematics_and_coupling,orbit,dataset/images/precision_defect_gen/pdef_precision_assembly_misalignment/ref_12.jpg,reports/video_generation_500_images/370__pdef_093__precision_defect_gen__pdef_precision_assembly_misalignment__ref_12.jpg
371,pdef_094,precision_defect_gen,pdef_precision_assembly_misalignment,rigid_body_kinematics_and_coupling,pan,dataset/images/precision_defect_gen/pdef_precision_assembly_misalignment/ref_13.jpg,reports/video_generation_500_images/371__pdef_094__precision_defect_gen__pdef_precision_assembly_misalignment__ref_13.jpg
372,pdef_096,precision_defect_gen,pdef_precision_assembly_misalignment,rigid_body_kinematics_and_coupling,pan,dataset/images/precision_defect_gen/pdef_precision_assembly_misalignment/ref_14.jpg,reports/video_generation_500_images/372__pdef_096__precision_defect_gen__pdef_precision_assembly_misalignment__ref_14.jpg
373,pdef_156,precision_defect_gen,pdef_precision_assembly_misalignment,rigid_body_kinematics_and_coupling,orbit,dataset/images/precision_defect_gen/pdef_precision_assembly_misalignment/ref_15.jpg,reports/video_generation_500_images/373__pdef_156__precision_defect_gen__pdef_precision_assembly_misalignment__ref_15.jpg
374,pdef_157,precision_defect_gen,pdef_precision_assembly_misalignment,rigid_body_kinematics_and_coupling,orbit,dataset/images/precision_defect_gen/pdef_precision_assembly_misalignment/ref_16.jpg,reports/video_generation_500_images/374__pdef_157__precision_defect_gen__pdef_precision_assembly_misalignment__ref_16.jpg
375,pdef_211,precision_defect_gen,pdef_precision_assembly_misalignment,rigid_body_kinematics_and_coupling,orbit,dataset/images/precision_defect_gen/pdef_precision_assembly_misalignment/ref_10.jpg,reports/video_generation_500_images/375__pdef_211__precision_defect_gen__pdef_precision_assembly_misalignment__ref_10.jpg
376,pdef_061,precision_defect_gen,pdef_surface_scratch_inspection,topology_mutation_and_failure,dolly,dataset/images/precision_defect_gen/pdef_surface_scratch_inspection/ref_01.jpg,reports/video_generation_500_images/376__pdef_061__precision_defect_gen__pdef_surface_scratch_inspection__ref_01.jpg
377,pdef_062,precision_defect_gen,pdef_surface_scratch_inspection,topology_mutation_and_failure,dolly,dataset/images/precision_defect_gen/pdef_surface_scratch_inspection/ref_11.jpg,reports/video_generation_500_images/377__pdef_062__precision_defect_gen__pdef_surface_scratch_inspection__ref_11.jpg
378,pdef_063,precision_defect_gen,pdef_surface_scratch_inspection,topology_mutation_and_failure,dolly,dataset/images/precision_defect_gen/pdef_surface_scratch_inspection/ref_12.jpg,reports/video_generation_500_images/378__pdef_063__precision_defect_gen__pdef_surface_scratch_inspection__ref_12.jpg
379,pdef_064,precision_defect_gen,pdef_surface_scratch_inspection,topology_mutation_and_failure,dolly,dataset/images/precision_defect_gen/pdef_surface_scratch_inspection/ref_15.jpg,reports/video_generation_500_images/379__pdef_064__precision_defect_gen__pdef_surface_scratch_inspection__ref_15.jpg
380,pdef_065,precision_defect_gen,pdef_surface_scratch_inspection,topology_mutation_and_failure,dolly,dataset/images/precision_defect_gen/pdef_surface_scratch_inspection/ref_13.jpg,reports/video_generation_500_images/380__pdef_065__precision_defect_gen__pdef_surface_scratch_inspection__ref_13.jpg
381,pdef_066,precision_defect_gen,pdef_surface_scratch_inspection,topology_mutation_and_failure,dolly,dataset/images/precision_defect_gen/pdef_surface_scratch_inspection/ref_16.jpg,reports/video_generation_500_images/381__pdef_066__precision_defect_gen__pdef_surface_scratch_inspection__ref_16.jpg
382,pdef_067,precision_defect_gen,pdef_surface_scratch_inspection,topology_mutation_and_failure,dolly,dataset/images/precision_defect_gen/pdef_surface_scratch_inspection/ref_14.jpg,reports/video_generation_500_images/382__pdef_067__precision_defect_gen__pdef_surface_scratch_inspection__ref_14.jpg
383,pdef_068,precision_defect_gen,pdef_surface_scratch_inspection,topology_mutation_and_failure,dolly,dataset/images/precision_defect_gen/pdef_surface_scratch_inspection/ref_10.jpg,reports/video_generation_500_images/383__pdef_068__precision_defect_gen__pdef_surface_scratch_inspection__ref_10.jpg
384,pdef_071,precision_defect_gen,pdef_tube_bundle_endoscopy,spatial_exploration_and_viewpoint,pan,dataset/images/precision_defect_gen/pdef_tube_bundle_endoscopy/ref_01.jpg,reports/video_generation_500_images/384__pdef_071__precision_defect_gen__pdef_tube_bundle_endoscopy__ref_01.jpg
385,pdef_072,precision_defect_gen,pdef_tube_bundle_endoscopy,spatial_exploration_and_viewpoint,orbit,dataset/images/precision_defect_gen/pdef_tube_bundle_endoscopy/ref_02.jpg,reports/video_generation_500_images/385__pdef_072__precision_defect_gen__pdef_tube_bundle_endoscopy__ref_02.jpg
386,pdef_074,precision_defect_gen,pdef_tube_bundle_endoscopy,spatial_exploration_and_viewpoint,pan,dataset/images/precision_defect_gen/pdef_tube_bundle_endoscopy/ref_04.jpg,reports/video_generation_500_images/386__pdef_074__precision_defect_gen__pdef_tube_bundle_endoscopy__ref_04.jpg
387,pdef_075,precision_defect_gen,pdef_tube_bundle_endoscopy,spatial_exploration_and_viewpoint,orbit,dataset/images/precision_defect_gen/pdef_tube_bundle_endoscopy/ref_05.jpg,reports/video_generation_500_images/387__pdef_075__precision_defect_gen__pdef_tube_bundle_endoscopy__ref_05.jpg
388,pdef_076,precision_defect_gen,pdef_tube_bundle_endoscopy,spatial_exploration_and_viewpoint,dolly,dataset/images/precision_defect_gen/pdef_tube_bundle_endoscopy/ref_06.jpg,reports/video_generation_500_images/388__pdef_076__precision_defect_gen__pdef_tube_bundle_endoscopy__ref_06.jpg
389,pdef_077,precision_defect_gen,pdef_tube_bundle_endoscopy,spatial_exploration_and_viewpoint,pan,dataset/images/precision_defect_gen/pdef_tube_bundle_endoscopy/ref_07.jpg,reports/video_generation_500_images/389__pdef_077__precision_defect_gen__pdef_tube_bundle_endoscopy__ref_07.jpg
390,pdef_159,precision_defect_gen,pdef_tube_bundle_endoscopy,spatial_exploration_and_viewpoint,pan,dataset/images/precision_defect_gen/pdef_tube_bundle_endoscopy/ref_16.jpg,reports/video_generation_500_images/390__pdef_159__precision_defect_gen__pdef_tube_bundle_endoscopy__ref_16.jpg
391,pdef_216,precision_defect_gen,pdef_tube_bundle_endoscopy,spatial_exploration_and_viewpoint,pan,dataset/images/precision_defect_gen/pdef_tube_bundle_endoscopy/ref_10.jpg,reports/video_generation_500_images/391__pdef_216__precision_defect_gen__pdef_tube_bundle_endoscopy__ref_10.jpg
392,pdef_217,precision_defect_gen,pdef_tube_bundle_endoscopy,spatial_exploration_and_viewpoint,pan,dataset/images/precision_defect_gen/pdef_tube_bundle_endoscopy/ref_11.jpg,reports/video_generation_500_images/392__pdef_217__precision_defect_gen__pdef_tube_bundle_endoscopy__ref_11.jpg
393,pdef_051,precision_defect_gen,pdef_weld_porosity_crack,topology_mutation_and_failure,dolly,dataset/images/precision_defect_gen/pdef_weld_porosity_crack/ref_16.jpg,reports/video_generation_500_images/393__pdef_051__precision_defect_gen__pdef_weld_porosity_crack__ref_16.jpg
394,pdef_052,precision_defect_gen,pdef_weld_porosity_crack,topology_mutation_and_failure,dolly,dataset/images/precision_defect_gen/pdef_weld_porosity_crack/ref_09.jpg,reports/video_generation_500_images/394__pdef_052__precision_defect_gen__pdef_weld_porosity_crack__ref_09.jpg
395,pdef_053,precision_defect_gen,pdef_weld_porosity_crack,topology_mutation_and_failure,dolly,dataset/images/precision_defect_gen/pdef_weld_porosity_crack/ref_05.jpg,reports/video_generation_500_images/395__pdef_053__precision_defect_gen__pdef_weld_porosity_crack__ref_05.jpg
396,pdef_054,precision_defect_gen,pdef_weld_porosity_crack,topology_mutation_and_failure,dolly,dataset/images/precision_defect_gen/pdef_weld_porosity_crack/ref_06.jpg,reports/video_generation_500_images/396__pdef_054__precision_defect_gen__pdef_weld_porosity_crack__ref_06.jpg
397,pdef_056,precision_defect_gen,pdef_weld_porosity_crack,topology_mutation_and_failure,dolly,dataset/images/precision_defect_gen/pdef_weld_porosity_crack/ref_07.jpg,reports/video_generation_500_images/397__pdef_056__precision_defect_gen__pdef_weld_porosity_crack__ref_07.jpg
398,pdef_057,precision_defect_gen,pdef_weld_porosity_crack,topology_mutation_and_failure,dolly,dataset/images/precision_defect_gen/pdef_weld_porosity_crack/ref_11.jpg,reports/video_generation_500_images/398__pdef_057__precision_defect_gen__pdef_weld_porosity_crack__ref_11.jpg
399,pdef_058,precision_defect_gen,pdef_weld_porosity_crack,topology_mutation_and_failure,dolly,dataset/images/precision_defect_gen/pdef_weld_porosity_crack/ref_08.jpg,reports/video_generation_500_images/399__pdef_058__precision_defect_gen__pdef_weld_porosity_crack__ref_08.jpg
400,pdef_226,precision_defect_gen,pdef_weld_porosity_crack,topology_mutation_and_failure,dolly,dataset/images/precision_defect_gen/pdef_weld_porosity_crack/ref_10.jpg,reports/video_generation_500_images/400__pdef_226__precision_defect_gen__pdef_weld_porosity_crack__ref_10.jpg
401,vsec_121,visual_security,vsec_conveyor_jam_loto_clearance,industrial_logic_and_compliance,static,dataset/images/visual_security/vsec_conveyor_jam_loto_clearance/ref_16.jpg,reports/video_generation_500_images/401__vsec_121__visual_security__vsec_conveyor_jam_loto_clearance__ref_16.jpg
402,vsec_173,visual_security,vsec_conveyor_jam_loto_clearance,industrial_logic_and_compliance,static,dataset/images/visual_security/vsec_conveyor_jam_loto_clearance/ref_01.jpg,reports/video_generation_500_images/402__vsec_173__visual_security__vsec_conveyor_jam_loto_clearance__ref_01.jpg
403,vsec_175,visual_security,vsec_conveyor_jam_loto_clearance,industrial_logic_and_compliance,static,dataset/images/visual_security/vsec_conveyor_jam_loto_clearance/ref_03.jpg,reports/video_generation_500_images/403__vsec_175__visual_security__vsec_conveyor_jam_loto_clearance__ref_03.jpg
404,vsec_176,visual_security,vsec_conveyor_jam_loto_clearance,industrial_logic_and_compliance,static,dataset/images/visual_security/vsec_conveyor_jam_loto_clearance/ref_04.jpg,reports/video_generation_500_images/404__vsec_176__visual_security__vsec_conveyor_jam_loto_clearance__ref_04.jpg
405,vsec_178,visual_security,vsec_conveyor_jam_loto_clearance,industrial_logic_and_compliance,static,dataset/images/visual_security/vsec_conveyor_jam_loto_clearance/ref_06.jpg,reports/video_generation_500_images/405__vsec_178__visual_security__vsec_conveyor_jam_loto_clearance__ref_06.jpg
406,vsec_179,visual_security,vsec_conveyor_jam_loto_clearance,industrial_logic_and_compliance,static,dataset/images/visual_security/vsec_conveyor_jam_loto_clearance/ref_07.jpg,reports/video_generation_500_images/406__vsec_179__visual_security__vsec_conveyor_jam_loto_clearance__ref_07.jpg
407,vsec_186,visual_security,vsec_conveyor_jam_loto_clearance,industrial_logic_and_compliance,static,dataset/images/visual_security/vsec_conveyor_jam_loto_clearance/ref_14.jpg,reports/video_generation_500_images/407__vsec_186__visual_security__vsec_conveyor_jam_loto_clearance__ref_14.jpg
408,vsec_187,visual_security,vsec_conveyor_jam_loto_clearance,industrial_logic_and_compliance,static,dataset/images/visual_security/vsec_conveyor_jam_loto_clearance/ref_15.jpg,reports/video_generation_500_images/408__vsec_187__visual_security__vsec_conveyor_jam_loto_clearance__ref_15.jpg
409,vsec_031,visual_security,vsec_crane_unsafe_swing_near_people,rigid_body_kinematics_and_coupling,orbit,dataset/images/visual_security/vsec_crane_unsafe_swing_near_people/ref_01.jpg,reports/video_generation_500_images/409__vsec_031__visual_security__vsec_crane_unsafe_swing_near_people__ref_01.jpg
410,vsec_032,visual_security,vsec_crane_unsafe_swing_near_people,rigid_body_kinematics_and_coupling,pan,dataset/images/visual_security/vsec_crane_unsafe_swing_near_people/ref_11.jpg,reports/video_generation_500_images/410__vsec_032__visual_security__vsec_crane_unsafe_swing_near_people__ref_11.jpg
411,vsec_114,visual_security,vsec_crane_unsafe_swing_near_people,rigid_body_kinematics_and_coupling,orbit,dataset/images/visual_security/vsec_crane_unsafe_swing_near_people/ref_09.jpg,reports/video_generation_500_images/411__vsec_114__visual_security__vsec_crane_unsafe_swing_near_people__ref_09.jpg
412,vsec_141,visual_security,vsec_crane_unsafe_swing_near_people,rigid_body_kinematics_and_coupling,orbit,dataset/images/visual_security/vsec_crane_unsafe_swing_near_people/ref_13.jpg,reports/video_generation_500_images/412__vsec_141__visual_security__vsec_crane_unsafe_swing_near_people__ref_13.jpg
413,vsec_145,visual_security,vsec_crane_unsafe_swing_near_people,rigid_body_kinematics_and_coupling,orbit,dataset/images/visual_security/vsec_crane_unsafe_swing_near_people/ref_14.jpg,reports/video_generation_500_images/413__vsec_145__visual_security__vsec_crane_unsafe_swing_near_people__ref_14.jpg
414,vsec_146,visual_security,vsec_crane_unsafe_swing_near_people,rigid_body_kinematics_and_coupling,orbit,dataset/images/visual_security/vsec_crane_unsafe_swing_near_people/ref_15.jpg,reports/video_generation_500_images/414__vsec_146__visual_security__vsec_crane_unsafe_swing_near_people__ref_15.jpg
415,vsec_154,visual_security,vsec_crane_unsafe_swing_near_people,rigid_body_kinematics_and_coupling,orbit,dataset/images/visual_security/vsec_crane_unsafe_swing_near_people/ref_16.jpg,reports/video_generation_500_images/415__vsec_154__visual_security__vsec_crane_unsafe_swing_near_people__ref_16.jpg
416,vsec_155,visual_security,vsec_crane_unsafe_swing_near_people,rigid_body_kinematics_and_coupling,orbit,dataset/images/visual_security/vsec_crane_unsafe_swing_near_people/ref_17.jpg,reports/video_generation_500_images/416__vsec_155__visual_security__vsec_crane_unsafe_swing_near_people__ref_17.jpg
417,vsec_156,visual_security,vsec_crane_unsafe_swing_near_people,rigid_body_kinematics_and_coupling,orbit,dataset/images/visual_security/vsec_crane_unsafe_swing_near_people/ref_18.jpg,reports/video_generation_500_images/417__vsec_156__visual_security__vsec_crane_unsafe_swing_near_people__ref_18.jpg
418,vsec_061,visual_security,vsec_dangerous_goods_liquid_leak,fluid_dynamics_and_thermodynamics,static,dataset/images/visual_security/vsec_dangerous_goods_liquid_leak/ref_01.jpg,reports/video_generation_500_images/418__vsec_061__visual_security__vsec_dangerous_goods_liquid_leak__ref_01.jpg
419,vsec_062,visual_security,vsec_dangerous_goods_liquid_leak,fluid_dynamics_and_thermodynamics,pan,dataset/images/visual_security/vsec_dangerous_goods_liquid_leak/ref_02.jpg,reports/video_generation_500_images/419__vsec_062__visual_security__vsec_dangerous_goods_liquid_leak__ref_02.jpg
420,vsec_069,visual_security,vsec_dangerous_goods_liquid_leak,fluid_dynamics_and_thermodynamics,static,dataset/images/visual_security/vsec_dangerous_goods_liquid_leak/ref_09.jpg,reports/video_generation_500_images/420__vsec_069__visual_security__vsec_dangerous_goods_liquid_leak__ref_09.jpg
421,vsec_115,visual_security,vsec_dangerous_goods_liquid_leak,fluid_dynamics_and_thermodynamics,static,dataset/images/visual_security/vsec_dangerous_goods_liquid_leak/ref_11.jpg,reports/video_generation_500_images/421__vsec_115__visual_security__vsec_dangerous_goods_liquid_leak__ref_11.jpg
422,vsec_157,visual_security,vsec_dangerous_goods_liquid_leak,fluid_dynamics_and_thermodynamics,static,dataset/images/visual_security/vsec_dangerous_goods_liquid_leak/ref_14.jpg,reports/video_generation_500_images/422__vsec_157__visual_security__vsec_dangerous_goods_liquid_leak__ref_14.jpg
423,vsec_159,visual_security,vsec_dangerous_goods_liquid_leak,fluid_dynamics_and_thermodynamics,static,dataset/images/visual_security/vsec_dangerous_goods_liquid_leak/ref_16.jpg,reports/video_generation_500_images/423__vsec_159__visual_security__vsec_dangerous_goods_liquid_leak__ref_16.jpg
424,vsec_189,visual_security,vsec_dangerous_goods_liquid_leak,fluid_dynamics_and_thermodynamics,static,dataset/images/visual_security/vsec_dangerous_goods_liquid_leak/ref_12.jpg,reports/video_generation_500_images/424__vsec_189__visual_security__vsec_dangerous_goods_liquid_leak__ref_12.jpg
425,vsec_190,visual_security,vsec_dangerous_goods_liquid_leak,fluid_dynamics_and_thermodynamics,static,dataset/images/visual_security/vsec_dangerous_goods_liquid_leak/ref_13.jpg,reports/video_generation_500_images/425__vsec_190__visual_security__vsec_dangerous_goods_liquid_leak__ref_13.jpg
426,vsec_131,visual_security,vsec_electrical_cabinet_smoke_isolation,industrial_logic_and_compliance,static,dataset/images/visual_security/vsec_electrical_cabinet_smoke_isolation/ref_01.jpg,reports/video_generation_500_images/426__vsec_131__visual_security__vsec_electrical_cabinet_smoke_isolation__ref_01.jpg
427,vsec_160,visual_security,vsec_electrical_cabinet_smoke_isolation,industrial_logic_and_compliance,static,dataset/images/visual_security/vsec_electrical_cabinet_smoke_isolation/ref_12.jpg,reports/video_generation_500_images/427__vsec_160__visual_security__vsec_electrical_cabinet_smoke_isolation__ref_12.jpg
428,vsec_163,visual_security,vsec_electrical_cabinet_smoke_isolation,industrial_logic_and_compliance,static,dataset/images/visual_security/vsec_electrical_cabinet_smoke_isolation/ref_15.jpg,reports/video_generation_500_images/428__vsec_163__visual_security__vsec_electrical_cabinet_smoke_isolation__ref_15.jpg
429,vsec_192,visual_security,vsec_electrical_cabinet_smoke_isolation,industrial_logic_and_compliance,static,dataset/images/visual_security/vsec_electrical_cabinet_smoke_isolation/ref_02.jpg,reports/video_generation_500_images/429__vsec_192__visual_security__vsec_electrical_cabinet_smoke_isolation__ref_02.jpg
430,vsec_193,visual_security,vsec_electrical_cabinet_smoke_isolation,industrial_logic_and_compliance,static,dataset/images/visual_security/vsec_electrical_cabinet_smoke_isolation/ref_03.jpg,reports/video_generation_500_images/430__vsec_193__visual_security__vsec_electrical_cabinet_smoke_isolation__ref_03.jpg
431,vsec_195,visual_security,vsec_electrical_cabinet_smoke_isolation,industrial_logic_and_compliance,static,dataset/images/visual_security/vsec_electrical_cabinet_smoke_isolation/ref_05.jpg,reports/video_generation_500_images/431__vsec_195__visual_security__vsec_electrical_cabinet_smoke_isolation__ref_05.jpg
432,vsec_196,visual_security,vsec_electrical_cabinet_smoke_isolation,industrial_logic_and_compliance,static,dataset/images/visual_security/vsec_electrical_cabinet_smoke_isolation/ref_06.jpg,reports/video_generation_500_images/432__vsec_196__visual_security__vsec_electrical_cabinet_smoke_isolation__ref_06.jpg
433,vsec_197,visual_security,vsec_electrical_cabinet_smoke_isolation,industrial_logic_and_compliance,static,dataset/images/visual_security/vsec_electrical_cabinet_smoke_isolation/ref_07.jpg,reports/video_generation_500_images/433__vsec_197__visual_security__vsec_electrical_cabinet_smoke_isolation__ref_07.jpg
434,vsec_021,visual_security,vsec_forklift_overspeed_pallet_shift,rigid_body_kinematics_and_coupling,orbit,dataset/images/visual_security/vsec_forklift_overspeed_pallet_shift/ref_01.jpg,reports/video_generation_500_images/434__vsec_021__visual_security__vsec_forklift_overspeed_pallet_shift__ref_01.jpg
435,vsec_022,visual_security,vsec_forklift_overspeed_pallet_shift,rigid_body_kinematics_and_coupling,pan,dataset/images/visual_security/vsec_forklift_overspeed_pallet_shift/ref_02.jpg,reports/video_generation_500_images/435__vsec_022__visual_security__vsec_forklift_overspeed_pallet_shift__ref_02.jpg
436,vsec_023,visual_security,vsec_forklift_overspeed_pallet_shift,rigid_body_kinematics_and_coupling,orbit,dataset/images/visual_security/vsec_forklift_overspeed_pallet_shift/ref_03.jpg,reports/video_generation_500_images/436__vsec_023__visual_security__vsec_forklift_overspeed_pallet_shift__ref_03.jpg
437,vsec_028,visual_security,vsec_forklift_overspeed_pallet_shift,rigid_body_kinematics_and_coupling,pan,dataset/images/visual_security/vsec_forklift_overspeed_pallet_shift/ref_08.jpg,reports/video_generation_500_images/437__vsec_028__visual_security__vsec_forklift_overspeed_pallet_shift__ref_08.jpg
438,vsec_029,visual_security,vsec_forklift_overspeed_pallet_shift,rigid_body_kinematics_and_coupling,orbit,dataset/images/visual_security/vsec_forklift_overspeed_pallet_shift/ref_09.jpeg,reports/video_generation_500_images/438__vsec_029__visual_security__vsec_forklift_overspeed_pallet_shift__ref_09.jpeg
439,vsec_030,visual_security,vsec_forklift_overspeed_pallet_shift,rigid_body_kinematics_and_coupling,pan,dataset/images/visual_security/vsec_forklift_overspeed_pallet_shift/ref_10.jpg,reports/video_generation_500_images/439__vsec_030__visual_security__vsec_forklift_overspeed_pallet_shift__ref_10.jpg
440,vsec_116,visual_security,vsec_forklift_overspeed_pallet_shift,rigid_body_kinematics_and_coupling,orbit,dataset/images/visual_security/vsec_forklift_overspeed_pallet_shift/ref_16.jpg,reports/video_generation_500_images/440__vsec_116__visual_security__vsec_forklift_overspeed_pallet_shift__ref_16.jpg
441,vsec_201,visual_security,vsec_forklift_overspeed_pallet_shift,rigid_body_kinematics_and_coupling,orbit,dataset/images/visual_security/vsec_forklift_overspeed_pallet_shift/ref_11.jpg,reports/video_generation_500_images/441__vsec_201__visual_security__vsec_forklift_overspeed_pallet_shift__ref_11.jpg
442,vsec_203,visual_security,vsec_forklift_overspeed_pallet_shift,rigid_body_kinematics_and_coupling,orbit,dataset/images/visual_security/vsec_forklift_overspeed_pallet_shift/ref_13.jpg,reports/video_generation_500_images/442__vsec_203__visual_security__vsec_forklift_overspeed_pallet_shift__ref_13.jpg
443,vsec_091,visual_security,vsec_guard_removed_conveyor,topology_mutation_and_failure,dolly,dataset/images/visual_security/vsec_guard_removed_conveyor/ref_01.jpg,reports/video_generation_500_images/443__vsec_091__visual_security__vsec_guard_removed_conveyor__ref_01.jpg
444,vsec_092,visual_security,vsec_guard_removed_conveyor,topology_mutation_and_failure,dolly,dataset/images/visual_security/vsec_guard_removed_conveyor/ref_02.jpg,reports/video_generation_500_images/444__vsec_092__visual_security__vsec_guard_removed_conveyor__ref_02.jpg
445,vsec_117,visual_security,vsec_guard_removed_conveyor,topology_mutation_and_failure,dolly,dataset/images/visual_security/vsec_guard_removed_conveyor/ref_09.jpg,reports/video_generation_500_images/445__vsec_117__visual_security__vsec_guard_removed_conveyor__ref_09.jpg
446,vsec_144,visual_security,vsec_guard_removed_conveyor,topology_mutation_and_failure,dolly,dataset/images/visual_security/vsec_guard_removed_conveyor/ref_12.jpg,reports/video_generation_500_images/446__vsec_144__visual_security__vsec_guard_removed_conveyor__ref_12.jpg
447,vsec_147,visual_security,vsec_guard_removed_conveyor,topology_mutation_and_failure,dolly,dataset/images/visual_security/vsec_guard_removed_conveyor/ref_13.jpg,reports/video_generation_500_images/447__vsec_147__visual_security__vsec_guard_removed_conveyor__ref_13.jpg
448,vsec_165,visual_security,vsec_guard_removed_conveyor,topology_mutation_and_failure,dolly,dataset/images/visual_security/vsec_guard_removed_conveyor/ref_14.jpg,reports/video_generation_500_images/448__vsec_165__visual_security__vsec_guard_removed_conveyor__ref_14.jpg
449,vsec_166,visual_security,vsec_guard_removed_conveyor,topology_mutation_and_failure,dolly,dataset/images/visual_security/vsec_guard_removed_conveyor/ref_15.jpg,reports/video_generation_500_images/449__vsec_166__visual_security__vsec_guard_removed_conveyor__ref_15.jpg
450,vsec_167,visual_security,vsec_guard_removed_conveyor,topology_mutation_and_failure,dolly,dataset/images/visual_security/vsec_guard_removed_conveyor/ref_16.jpg,reports/video_generation_500_images/450__vsec_167__visual_security__vsec_guard_removed_conveyor__ref_16.jpg
451,vsec_011,visual_security,vsec_missing_ppe_at_height,industrial_logic_and_compliance,static,dataset/images/visual_security/vsec_missing_ppe_at_height/ref_01.jpg,reports/video_generation_500_images/451__vsec_011__visual_security__vsec_missing_ppe_at_height__ref_01.jpg
452,vsec_012,visual_security,vsec_missing_ppe_at_height,industrial_logic_and_compliance,static,dataset/images/visual_security/vsec_missing_ppe_at_height/ref_02.jpg,reports/video_generation_500_images/452__vsec_012__visual_security__vsec_missing_ppe_at_height__ref_02.jpg
453,vsec_014,visual_security,vsec_missing_ppe_at_height,industrial_logic_and_compliance,static,dataset/images/visual_security/vsec_missing_ppe_at_height/ref_04.jpg,reports/video_generation_500_images/453__vsec_014__visual_security__vsec_missing_ppe_at_height__ref_04.jpg
454,vsec_151,visual_security,vsec_missing_ppe_at_height,industrial_logic_and_compliance,static,dataset/images/visual_security/vsec_missing_ppe_at_height/ref_12.jpg,reports/video_generation_500_images/454__vsec_151__visual_security__vsec_missing_ppe_at_height__ref_12.jpg
455,vsec_152,visual_security,vsec_missing_ppe_at_height,industrial_logic_and_compliance,static,dataset/images/visual_security/vsec_missing_ppe_at_height/ref_13.jpg,reports/video_generation_500_images/455__vsec_152__visual_security__vsec_missing_ppe_at_height__ref_13.jpg
456,vsec_153,visual_security,vsec_missing_ppe_at_height,industrial_logic_and_compliance,static,dataset/images/visual_security/vsec_missing_ppe_at_height/ref_14.jpg,reports/video_generation_500_images/456__vsec_153__visual_security__vsec_missing_ppe_at_height__ref_14.jpg
457,vsec_168,visual_security,vsec_missing_ppe_at_height,industrial_logic_and_compliance,static,dataset/images/visual_security/vsec_missing_ppe_at_height/ref_15.jpg,reports/video_generation_500_images/457__vsec_168__visual_security__vsec_missing_ppe_at_height__ref_15.jpg
458,vsec_169,visual_security,vsec_missing_ppe_at_height,industrial_logic_and_compliance,static,dataset/images/visual_security/vsec_missing_ppe_at_height/ref_16.jpg,reports/video_generation_500_images/458__vsec_169__visual_security__vsec_missing_ppe_at_height__ref_16.jpg
459,vsec_071,visual_security,vsec_pedestrian_forklift_near_miss,industrial_logic_and_compliance,static,dataset/images/visual_security/vsec_pedestrian_forklift_near_miss/ref_17.jpg,reports/video_generation_500_images/459__vsec_071__visual_security__vsec_pedestrian_forklift_near_miss__ref_17.jpg
460,vsec_108,visual_security,vsec_pedestrian_forklift_near_miss,industrial_logic_and_compliance,static,dataset/images/visual_security/vsec_pedestrian_forklift_near_miss/ref_05.jpg,reports/video_generation_500_images/460__vsec_108__visual_security__vsec_pedestrian_forklift_near_miss__ref_05.jpg
461,vsec_109,visual_security,vsec_pedestrian_forklift_near_miss,industrial_logic_and_compliance,static,dataset/images/visual_security/vsec_pedestrian_forklift_near_miss/ref_07.jpg,reports/video_generation_500_images/461__vsec_109__visual_security__vsec_pedestrian_forklift_near_miss__ref_07.jpg
462,vsec_111,visual_security,vsec_pedestrian_forklift_near_miss,industrial_logic_and_compliance,static,dataset/images/visual_security/vsec_pedestrian_forklift_near_miss/ref_08.jpg,reports/video_generation_500_images/462__vsec_111__visual_security__vsec_pedestrian_forklift_near_miss__ref_08.jpg
463,vsec_118,visual_security,vsec_pedestrian_forklift_near_miss,industrial_logic_and_compliance,static,dataset/images/visual_security/vsec_pedestrian_forklift_near_miss/ref_10.jpg,reports/video_generation_500_images/463__vsec_118__visual_security__vsec_pedestrian_forklift_near_miss__ref_10.jpg
464,vsec_119,visual_security,vsec_pedestrian_forklift_near_miss,industrial_logic_and_compliance,static,dataset/images/visual_security/vsec_pedestrian_forklift_near_miss/ref_11.jpg,reports/video_generation_500_images/464__vsec_119__visual_security__vsec_pedestrian_forklift_near_miss__ref_11.jpg
465,vsec_207,visual_security,vsec_pedestrian_forklift_near_miss,industrial_logic_and_compliance,static,dataset/images/visual_security/vsec_pedestrian_forklift_near_miss/ref_14.jpg,reports/video_generation_500_images/465__vsec_207__visual_security__vsec_pedestrian_forklift_near_miss__ref_14.jpg
466,vsec_209,visual_security,vsec_pedestrian_forklift_near_miss,industrial_logic_and_compliance,static,dataset/images/visual_security/vsec_pedestrian_forklift_near_miss/ref_16.jpg,reports/video_generation_500_images/466__vsec_209__visual_security__vsec_pedestrian_forklift_near_miss__ref_16.jpg
467,vsec_051,visual_security,vsec_perimeter_fence_breach,topology_mutation_and_failure,dolly,dataset/images/visual_security/vsec_perimeter_fence_breach/ref_02.jpg,reports/video_generation_500_images/467__vsec_051__visual_security__vsec_perimeter_fence_breach__ref_02.jpg
468,vsec_058,visual_security,vsec_perimeter_fence_breach,topology_mutation_and_failure,dolly,dataset/images/visual_security/vsec_perimeter_fence_breach/ref_05.jpg,reports/video_generation_500_images/468__vsec_058__visual_security__vsec_perimeter_fence_breach__ref_05.jpg
469,vsec_212,visual_security,vsec_perimeter_fence_breach,topology_mutation_and_failure,dolly,dataset/images/visual_security/vsec_perimeter_fence_breach/ref_07.jpg,reports/video_generation_500_images/469__vsec_212__visual_security__vsec_perimeter_fence_breach__ref_07.jpg
470,vsec_214,visual_security,vsec_perimeter_fence_breach,topology_mutation_and_failure,dolly,dataset/images/visual_security/vsec_perimeter_fence_breach/ref_09.jpg,reports/video_generation_500_images/470__vsec_214__visual_security__vsec_perimeter_fence_breach__ref_09.jpg
471,vsec_216,visual_security,vsec_perimeter_fence_breach,topology_mutation_and_failure,dolly,dataset/images/visual_security/vsec_perimeter_fence_breach/ref_11.jpg,reports/video_generation_500_images/471__vsec_216__visual_security__vsec_perimeter_fence_breach__ref_11.jpg
472,vsec_217,visual_security,vsec_perimeter_fence_breach,topology_mutation_and_failure,dolly,dataset/images/visual_security/vsec_perimeter_fence_breach/ref_12.jpg,reports/video_generation_500_images/472__vsec_217__visual_security__vsec_perimeter_fence_breach__ref_12.jpg
473,vsec_243,visual_security,vsec_perimeter_fence_breach,topology_mutation_and_failure,dolly,dataset/images/visual_security/vsec_perimeter_fence_breach/ref_13.jpg,reports/video_generation_500_images/473__vsec_243__visual_security__vsec_perimeter_fence_breach__ref_13.jpg
474,vsec_245,visual_security,vsec_perimeter_fence_breach,topology_mutation_and_failure,dolly,dataset/images/visual_security/vsec_perimeter_fence_breach/ref_15.jpg,reports/video_generation_500_images/474__vsec_245__visual_security__vsec_perimeter_fence_breach__ref_15.jpg
475,vsec_246,visual_security,vsec_perimeter_fence_breach,topology_mutation_and_failure,dolly,dataset/images/visual_security/vsec_perimeter_fence_breach/ref_16.jpg,reports/video_generation_500_images/475__vsec_246__visual_security__vsec_perimeter_fence_breach__ref_16.jpg
476,vsec_081,visual_security,vsec_smoke_alarm_evacuation,fluid_dynamics_and_thermodynamics,static,dataset/images/visual_security/vsec_smoke_alarm_evacuation/ref_06.jpg,reports/video_generation_500_images/476__vsec_081__visual_security__vsec_smoke_alarm_evacuation__ref_06.jpg
477,vsec_085,visual_security,vsec_smoke_alarm_evacuation,fluid_dynamics_and_thermodynamics,static,dataset/images/visual_security/vsec_smoke_alarm_evacuation/ref_09.jpg,reports/video_generation_500_images/477__vsec_085__visual_security__vsec_smoke_alarm_evacuation__ref_09.jpg
478,vsec_086,visual_security,vsec_smoke_alarm_evacuation,fluid_dynamics_and_thermodynamics,pan,dataset/images/visual_security/vsec_smoke_alarm_evacuation/ref_10.jpg,reports/video_generation_500_images/478__vsec_086__visual_security__vsec_smoke_alarm_evacuation__ref_10.jpg
479,vsec_087,visual_security,vsec_smoke_alarm_evacuation,fluid_dynamics_and_thermodynamics,static,dataset/images/visual_security/vsec_smoke_alarm_evacuation/ref_11.jpg,reports/video_generation_500_images/479__vsec_087__visual_security__vsec_smoke_alarm_evacuation__ref_11.jpg
480,vsec_247,visual_security,vsec_smoke_alarm_evacuation,fluid_dynamics_and_thermodynamics,static,dataset/images/visual_security/vsec_smoke_alarm_evacuation/ref_12.jpg,reports/video_generation_500_images/480__vsec_247__visual_security__vsec_smoke_alarm_evacuation__ref_12.jpg
481,vsec_248,visual_security,vsec_smoke_alarm_evacuation,fluid_dynamics_and_thermodynamics,static,dataset/images/visual_security/vsec_smoke_alarm_evacuation/ref_13.jpg,reports/video_generation_500_images/481__vsec_248__visual_security__vsec_smoke_alarm_evacuation__ref_13.jpg
482,vsec_249,visual_security,vsec_smoke_alarm_evacuation,fluid_dynamics_and_thermodynamics,static,dataset/images/visual_security/vsec_smoke_alarm_evacuation/ref_14.jpg,reports/video_generation_500_images/482__vsec_249__visual_security__vsec_smoke_alarm_evacuation__ref_14.jpg
483,vsec_251,visual_security,vsec_smoke_alarm_evacuation,fluid_dynamics_and_thermodynamics,static,dataset/images/visual_security/vsec_smoke_alarm_evacuation/ref_16.jpg,reports/video_generation_500_images/483__vsec_251__visual_security__vsec_smoke_alarm_evacuation__ref_16.jpg
484,vsec_042,visual_security,vsec_surveillance_blind_spot_sweep,spatial_exploration_and_viewpoint,orbit,dataset/images/visual_security/vsec_surveillance_blind_spot_sweep/ref_04.jpg,reports/video_generation_500_images/484__vsec_042__visual_security__vsec_surveillance_blind_spot_sweep__ref_04.jpg
485,vsec_043,visual_security,vsec_surveillance_blind_spot_sweep,spatial_exploration_and_viewpoint,dolly,dataset/images/visual_security/vsec_surveillance_blind_spot_sweep/ref_12.jpg,reports/video_generation_500_images/485__vsec_043__visual_security__vsec_surveillance_blind_spot_sweep__ref_12.jpg
486,vsec_170,visual_security,vsec_surveillance_blind_spot_sweep,spatial_exploration_and_viewpoint,pan,dataset/images/visual_security/vsec_surveillance_blind_spot_sweep/ref_15.jpg,reports/video_generation_500_images/486__vsec_170__visual_security__vsec_surveillance_blind_spot_sweep__ref_15.jpg
487,vsec_171,visual_security,vsec_surveillance_blind_spot_sweep,spatial_exploration_and_viewpoint,pan,dataset/images/visual_security/vsec_surveillance_blind_spot_sweep/ref_16.jpg,reports/video_generation_500_images/487__vsec_171__visual_security__vsec_surveillance_blind_spot_sweep__ref_16.jpg
488,vsec_227,visual_security,vsec_surveillance_blind_spot_sweep,spatial_exploration_and_viewpoint,pan,dataset/images/visual_security/vsec_surveillance_blind_spot_sweep/ref_08.jpg,reports/video_generation_500_images/488__vsec_227__visual_security__vsec_surveillance_blind_spot_sweep__ref_08.jpg
489,vsec_228,visual_security,vsec_surveillance_blind_spot_sweep,spatial_exploration_and_viewpoint,pan,dataset/images/visual_security/vsec_surveillance_blind_spot_sweep/ref_09.jpg,reports/video_generation_500_images/489__vsec_228__visual_security__vsec_surveillance_blind_spot_sweep__ref_09.jpg
490,vsec_229,visual_security,vsec_surveillance_blind_spot_sweep,spatial_exploration_and_viewpoint,pan,dataset/images/visual_security/vsec_surveillance_blind_spot_sweep/ref_10.jpg,reports/video_generation_500_images/490__vsec_229__visual_security__vsec_surveillance_blind_spot_sweep__ref_10.jpg
491,vsec_232,visual_security,vsec_surveillance_blind_spot_sweep,spatial_exploration_and_viewpoint,pan,dataset/images/visual_security/vsec_surveillance_blind_spot_sweep/ref_13.jpg,reports/video_generation_500_images/491__vsec_232__visual_security__vsec_surveillance_blind_spot_sweep__ref_13.jpg
492,vsec_233,visual_security,vsec_surveillance_blind_spot_sweep,spatial_exploration_and_viewpoint,pan,dataset/images/visual_security/vsec_surveillance_blind_spot_sweep/ref_14.jpg,reports/video_generation_500_images/492__vsec_233__visual_security__vsec_surveillance_blind_spot_sweep__ref_14.jpg
493,vsec_001,visual_security,vsec_unregistered_vehicle_intrusion,industrial_logic_and_compliance,static,dataset/images/visual_security/vsec_unregistered_vehicle_intrusion/ref_01.jpg,reports/video_generation_500_images/493__vsec_001__visual_security__vsec_unregistered_vehicle_intrusion__ref_01.jpg
494,vsec_002,visual_security,vsec_unregistered_vehicle_intrusion,industrial_logic_and_compliance,static,dataset/images/visual_security/vsec_unregistered_vehicle_intrusion/ref_02.jpg,reports/video_generation_500_images/494__vsec_002__visual_security__vsec_unregistered_vehicle_intrusion__ref_02.jpg
495,vsec_003,visual_security,vsec_unregistered_vehicle_intrusion,industrial_logic_and_compliance,static,dataset/images/visual_security/vsec_unregistered_vehicle_intrusion/ref_03.jpg,reports/video_generation_500_images/495__vsec_003__visual_security__vsec_unregistered_vehicle_intrusion__ref_03.jpg
496,vsec_004,visual_security,vsec_unregistered_vehicle_intrusion,industrial_logic_and_compliance,static,dataset/images/visual_security/vsec_unregistered_vehicle_intrusion/ref_04.jpg,reports/video_generation_500_images/496__vsec_004__visual_security__vsec_unregistered_vehicle_intrusion__ref_04.jpg
497,vsec_005,visual_security,vsec_unregistered_vehicle_intrusion,industrial_logic_and_compliance,static,dataset/images/visual_security/vsec_unregistered_vehicle_intrusion/ref_05.jpg,reports/video_generation_500_images/497__vsec_005__visual_security__vsec_unregistered_vehicle_intrusion__ref_05.jpg
498,vsec_239,visual_security,vsec_unregistered_vehicle_intrusion,industrial_logic_and_compliance,static,dataset/images/visual_security/vsec_unregistered_vehicle_intrusion/ref_12.jpg,reports/video_generation_500_images/498__vsec_239__visual_security__vsec_unregistered_vehicle_intrusion__ref_12.jpg
499,vsec_241,visual_security,vsec_unregistered_vehicle_intrusion,industrial_logic_and_compliance,static,dataset/images/visual_security/vsec_unregistered_vehicle_intrusion/ref_14.jpg,reports/video_generation_500_images/499__vsec_241__visual_security__vsec_unregistered_vehicle_intrusion__ref_14.jpg
500,vsec_242,visual_security,vsec_unregistered_vehicle_intrusion,industrial_logic_and_compliance,static,dataset/images/visual_security/vsec_unregistered_vehicle_intrusion/ref_15.jpg,reports/video_generation_500_images/500__vsec_242__visual_security__vsec_unregistered_vehicle_intrusion__ref_15.jpg
